,0,1,2,3,4,5,6,7,8,9,10,11,12,13,14,15,16,17,18,19,20,21,22,23,24,25,26,27,28,29,30,31,32,33,34,35,36,37,38,39,40,41,42,43,44,45,46,47,48,49,50,51,52,53,54,55,56,57,58,59,60,61,62,63,64,65,66,67,68,69,70,71,72,73,74,75,76,77,78,79,80,81,82,83,84,85,86,87,88,89,90,91,92,93,94,95,96,97,98,99,100,101,102,103,104,105,106,107,108,109,110,111,112,113,114,115,116,117,118,119,120,121,122,123,124,125,126,127,128,129,130,131,132,133,134,135,136,137,138,139,140,141,142,143,144,145,146,cluster
BL01 IN,0.0,0.0,0.0,0.12,0.47,1.0,0.47,0.24,0.18,0.18,0.18,0.18,0.12,0.12,0.29,0.59,0.41,0.24,0.12,0.06,0.0,0.0,0.0,0.0,0.12,0.41,1.0,0.47,0.24,0.18,0.18,0.18,0.18,0.12,0.24,0.41,0.53,0.35,0.18,0.12,0.06,0.0,0.0,0.0,0.0,0.12,0.35,0.82,0.41,0.24,0.18,0.18,0.24,0.18,0.12,0.18,0.29,0.53,0.35,0.18,0.12,0.06,0.0,0.0,0.0,0.0,0.12,0.47,1.0,0.53,0.29,0.18,0.18,0.24,0.18,0.12,0.12,0.35,0.59,0.41,0.18,0.12,0.06,0.06,0.0,0.0,0.0,0.12,0.41,1.0,0.47,0.24,0.24,0.24,0.24,0.18,0.12,0.18,0.35,0.71,0.47,0.24,0.12,0.06,0.06,0.0,0.0,0.0,0.12,0.18,0.29,0.35,0.35,0.35,0.29,0.29,0.24,0.18,0.24,0.29,0.24,0.18,0.12,0.12,0.06,0.06,0.0,0.0,0.0,0.06,0.18,0.24,0.29,0.35,0.35,0.29,0.29,0.24,0.18,0.24,0.24,0.24,0.18,0.12,0.12,0.06,0.0,0
BL02 IN,0.0,0.0,0.0,0.08,0.54,1.0,0.62,0.38,0.29,0.25,0.25,0.21,0.17,0.17,0.29,0.46,0.29,0.17,0.12,0.08,0.04,0.0,0.0,0.0,0.08,0.5,1.0,0.58,0.33,0.29,0.25,0.25,0.17,0.17,0.21,0.33,0.42,0.25,0.12,0.08,0.04,0.04,0.0,0.0,0.0,0.08,0.42,0.79,0.5,0.29,0.25,0.25,0.25,0.21,0.17,0.17,0.29,0.38,0.25,0.12,0.08,0.08,0.04,0.0,0.0,0.0,0.08,0.5,0.96,0.67,0.38,0.29,0.25,0.25,0.21,0.17,0.17,0.33,0.5,0.29,0.17,0.12,0.08,0.04,0.0,0.0,0.0,0.08,0.46,0.96,0.58,0.38,0.29,0.29,0.29,0.25,0.21,0.21,0.38,0.54,0.38,0.21,0.12,0.08,0.04,0.0,0.0,0.0,0.04,0.21,0.33,0.38,0.46,0.5,0.42,0.38,0.33,0.25,0.25,0.29,0.29,0.21,0.17,0.12,0.12,0.08,0.0,0.0,0.0,0.04,0.12,0.25,0.33,0.38,0.42,0.38,0.33,0.29,0.25,0.25,0.29,0.29,0.21,0.21,0.21,0.12,0.04,0
BL03 IN,0.0,0.0,0.0,0.12,0.44,0.94,0.5,0.31,0.25,0.25,0.25,0.19,0.12,0.19,0.25,0.31,0.19,0.12,0.12,0.06,0.06,0.0,0.0,0.0,0.12,0.44,1.0,0.5,0.31,0.25,0.19,0.25,0.19,0.12,0.19,0.25,0.25,0.12,0.12,0.06,0.06,0.0,0.0,0.0,0.0,0.06,0.37,0.81,0.37,0.25,0.25,0.25,0.25,0.19,0.12,0.19,0.25,0.25,0.19,0.12,0.06,0.06,0.06,0.0,0.0,0.0,0.12,0.44,0.94,0.5,0.31,0.25,0.19,0.25,0.19,0.12,0.19,0.25,0.31,0.19,0.12,0.12,0.06,0.06,0.0,0.0,0.0,0.12,0.44,0.94,0.5,0.31,0.25,0.25,0.25,0.19,0.19,0.19,0.31,0.37,0.25,0.12,0.12,0.12,0.06,0.0,0.0,0.0,0.06,0.19,0.31,0.31,0.37,0.37,0.37,0.31,0.25,0.19,0.19,0.25,0.25,0.19,0.12,0.12,0.06,0.06,0.0,0.0,0.0,0.06,0.12,0.25,0.25,0.31,0.31,0.31,0.25,0.25,0.19,0.19,0.19,0.19,0.12,0.12,0.12,0.06,0.06,0
BL04 IN,0.0,0.0,0.0,0.11,0.45,0.96,0.45,0.25,0.21,0.21,0.21,0.15,0.13,0.13,0.17,0.21,0.13,0.08,0.08,0.06,0.02,0.0,0.0,0.0,0.11,0.45,1.0,0.47,0.26,0.19,0.19,0.21,0.15,0.11,0.13,0.15,0.17,0.11,0.06,0.06,0.04,0.02,0.0,0.0,0.0,0.09,0.38,0.83,0.4,0.23,0.19,0.21,0.21,0.17,0.13,0.13,0.17,0.19,0.11,0.08,0.06,0.06,0.02,0.0,0.0,0.0,0.11,0.43,0.98,0.49,0.28,0.21,0.21,0.23,0.15,0.13,0.13,0.17,0.21,0.13,0.08,0.08,0.06,0.02,0.02,0.0,0.0,0.11,0.43,0.98,0.47,0.28,0.23,0.21,0.21,0.17,0.13,0.15,0.19,0.25,0.17,0.11,0.09,0.08,0.04,0.02,0.0,0.0,0.08,0.17,0.26,0.3,0.3,0.32,0.28,0.28,0.23,0.17,0.17,0.23,0.21,0.13,0.09,0.08,0.06,0.04,0.0,0.0,0.0,0.06,0.11,0.21,0.23,0.26,0.28,0.25,0.26,0.23,0.19,0.15,0.17,0.15,0.11,0.09,0.08,0.06,0.02,0
BL05 IN,0.02,0.0,0.0,0.12,0.42,0.96,0.46,0.27,0.25,0.23,0.21,0.17,0.17,0.19,0.27,0.29,0.21,0.12,0.1,0.06,0.02,0.0,0.0,0.0,0.12,0.42,1.0,0.46,0.27,0.23,0.23,0.21,0.17,0.17,0.23,0.27,0.27,0.17,0.12,0.08,0.06,0.02,0.0,0.0,0.0,0.1,0.37,0.83,0.4,0.25,0.21,0.23,0.21,0.17,0.17,0.17,0.25,0.27,0.17,0.12,0.1,0.08,0.02,0.02,0.0,0.0,0.1,0.42,0.96,0.5,0.29,0.25,0.23,0.23,0.17,0.17,0.21,0.27,0.31,0.21,0.13,0.1,0.08,0.04,0.02,0.0,0.0,0.1,0.42,0.96,0.46,0.29,0.25,0.25,0.23,0.19,0.17,0.19,0.29,0.33,0.23,0.13,0.12,0.08,0.04,0.02,0.0,0.0,0.08,0.13,0.23,0.29,0.31,0.33,0.29,0.27,0.21,0.19,0.19,0.23,0.19,0.13,0.1,0.1,0.08,0.04,0.02,0.0,0.0,0.06,0.1,0.17,0.19,0.23,0.27,0.23,0.23,0.19,0.15,0.15,0.17,0.15,0.1,0.1,0.08,0.06,0.02,0
BL06 IN,0.02,0.0,0.0,0.1,0.4,0.97,0.52,0.3,0.25,0.23,0.27,0.23,0.2,0.22,0.28,0.28,0.2,0.17,0.2,0.2,0.07,0.02,0.0,0.0,0.1,0.4,1.0,0.52,0.32,0.25,0.25,0.25,0.22,0.18,0.22,0.28,0.27,0.18,0.13,0.17,0.17,0.05,0.02,0.0,0.0,0.08,0.35,0.83,0.43,0.28,0.23,0.23,0.25,0.23,0.2,0.22,0.28,0.28,0.18,0.15,0.2,0.2,0.07,0.02,0.0,0.0,0.1,0.4,0.97,0.53,0.32,0.27,0.25,0.27,0.23,0.2,0.23,0.32,0.32,0.2,0.17,0.2,0.2,0.07,0.03,0.0,0.0,0.1,0.4,0.98,0.52,0.33,0.27,0.27,0.27,0.23,0.22,0.25,0.32,0.35,0.25,0.22,0.23,0.25,0.1,0.03,0.0,0.0,0.07,0.17,0.27,0.3,0.35,0.35,0.35,0.37,0.32,0.3,0.33,0.38,0.33,0.23,0.22,0.25,0.25,0.1,0.02,0.0,0.0,0.05,0.12,0.2,0.25,0.3,0.32,0.32,0.32,0.32,0.28,0.27,0.33,0.28,0.22,0.2,0.2,0.17,0.07,0
BL07 IN,0.02,0.0,0.0,0.06,0.35,0.98,0.5,0.32,0.29,0.31,0.34,0.29,0.27,0.29,0.4,0.56,0.42,0.27,0.24,0.23,0.1,0.02,0.0,0.0,0.06,0.35,1.0,0.52,0.32,0.27,0.29,0.32,0.27,0.26,0.32,0.45,0.53,0.35,0.23,0.21,0.21,0.08,0.03,0.0,0.0,0.06,0.29,0.82,0.44,0.27,0.26,0.31,0.32,0.29,0.26,0.29,0.4,0.52,0.37,0.26,0.24,0.23,0.1,0.03,0.0,0.0,0.06,0.35,0.97,0.53,0.32,0.29,0.32,0.35,0.31,0.27,0.29,0.44,0.6,0.44,0.29,0.27,0.26,0.1,0.05,0.0,0.0,0.06,0.35,0.97,0.52,0.35,0.32,0.35,0.37,0.34,0.32,0.34,0.5,0.66,0.52,0.34,0.32,0.32,0.15,0.05,0.0,0.0,0.05,0.16,0.27,0.34,0.4,0.5,0.48,0.5,0.45,0.42,0.45,0.52,0.5,0.39,0.35,0.35,0.35,0.16,0.03,0.0,0.0,0.05,0.11,0.21,0.27,0.32,0.4,0.42,0.42,0.45,0.42,0.44,0.5,0.47,0.39,0.37,0.37,0.32,0.13,3
BL08 IN,0.01,0.0,0.0,0.1,0.39,0.97,0.46,0.27,0.21,0.21,0.23,0.19,0.16,0.16,0.21,0.31,0.23,0.14,0.11,0.08,0.03,0.01,0.0,0.0,0.1,0.4,1.0,0.49,0.27,0.2,0.2,0.23,0.18,0.14,0.18,0.22,0.28,0.19,0.11,0.11,0.08,0.03,0.01,0.0,0.0,0.08,0.33,0.83,0.41,0.24,0.2,0.2,0.23,0.2,0.17,0.16,0.21,0.29,0.2,0.12,0.11,0.09,0.03,0.01,0.0,0.0,0.1,0.39,0.98,0.5,0.27,0.21,0.22,0.24,0.2,0.17,0.17,0.22,0.32,0.23,0.14,0.13,0.1,0.04,0.01,0.0,0.0,0.1,0.38,0.98,0.49,0.28,0.23,0.22,0.24,0.21,0.18,0.18,0.24,0.37,0.28,0.17,0.16,0.13,0.06,0.02,0.0,0.0,0.07,0.14,0.24,0.29,0.3,0.31,0.3,0.31,0.27,0.23,0.23,0.27,0.26,0.18,0.13,0.14,0.11,0.06,0.01,0.0,0.0,0.06,0.1,0.18,0.23,0.26,0.28,0.27,0.29,0.26,0.21,0.19,0.22,0.21,0.14,0.12,0.12,0.08,0.03,0
BL09 IN,0.02,0.0,0.0,0.11,0.42,0.95,0.47,0.26,0.21,0.21,0.23,0.19,0.16,0.18,0.21,0.32,0.23,0.16,0.12,0.09,0.05,0.02,0.0,0.0,0.11,0.42,1.0,0.49,0.26,0.21,0.19,0.21,0.18,0.14,0.19,0.21,0.28,0.19,0.12,0.11,0.09,0.04,0.02,0.0,0.0,0.09,0.35,0.84,0.4,0.23,0.19,0.21,0.23,0.19,0.14,0.16,0.21,0.3,0.21,0.14,0.14,0.11,0.05,0.02,0.0,0.0,0.11,0.42,0.96,0.51,0.26,0.21,0.23,0.23,0.19,0.16,0.18,0.23,0.33,0.23,0.16,0.14,0.11,0.05,0.02,0.0,0.0,0.11,0.42,0.98,0.49,0.28,0.21,0.23,0.23,0.19,0.18,0.18,0.25,0.37,0.28,0.16,0.16,0.14,0.05,0.02,0.0,0.0,0.09,0.14,0.25,0.3,0.3,0.32,0.3,0.3,0.25,0.23,0.21,0.28,0.26,0.19,0.14,0.14,0.12,0.07,0.02,0.0,0.0,0.05,0.12,0.19,0.23,0.25,0.28,0.25,0.26,0.25,0.21,0.19,0.23,0.19,0.16,0.12,0.11,0.09,0.04,0
BL10 IN,0.05,0.0,0.0,0.16,0.5,0.95,0.61,0.47,0.45,0.45,0.45,0.39,0.37,0.42,0.55,0.66,0.45,0.32,0.29,0.18,0.11,0.05,0.0,0.0,0.16,0.53,1.0,0.63,0.45,0.42,0.45,0.45,0.39,0.37,0.45,0.55,0.55,0.39,0.29,0.26,0.18,0.11,0.05,0.0,0.0,0.13,0.45,0.92,0.55,0.42,0.39,0.39,0.42,0.39,0.37,0.42,0.55,0.61,0.42,0.32,0.32,0.21,0.11,0.05,0.0,0.0,0.16,0.5,0.97,0.63,0.47,0.42,0.42,0.45,0.37,0.39,0.42,0.55,0.66,0.47,0.32,0.29,0.24,0.11,0.05,0.0,0.0,0.16,0.5,0.97,0.63,0.5,0.47,0.47,0.47,0.42,0.42,0.47,0.61,0.68,0.5,0.37,0.37,0.26,0.13,0.05,0.0,0.0,0.13,0.24,0.32,0.45,0.53,0.61,0.58,0.58,0.53,0.5,0.55,0.63,0.61,0.45,0.39,0.37,0.29,0.16,0.05,0.0,0.0,0.11,0.18,0.29,0.39,0.5,0.55,0.53,0.53,0.5,0.47,0.53,0.58,0.5,0.42,0.37,0.29,0.21,0.11,3
BL11 IN,0.1,0.0,0.0,0.08,0.21,0.54,0.38,0.32,0.36,0.39,0.4,0.43,0.46,0.54,0.74,0.92,0.7,0.55,0.56,0.51,0.26,0.07,0.0,0.0,0.07,0.21,0.55,0.37,0.32,0.35,0.37,0.39,0.4,0.44,0.58,0.73,0.81,0.6,0.45,0.48,0.44,0.21,0.1,0.0,0.0,0.06,0.19,0.49,0.32,0.29,0.32,0.38,0.4,0.43,0.45,0.52,0.74,0.89,0.68,0.54,0.61,0.56,0.27,0.1,0.0,0.0,0.07,0.21,0.54,0.37,0.32,0.35,0.38,0.43,0.44,0.46,0.56,0.75,0.94,0.71,0.55,0.62,0.6,0.29,0.18,0.0,0.0,0.07,0.21,0.54,0.38,0.35,0.38,0.4,0.46,0.46,0.5,0.6,0.82,1.0,0.77,0.62,0.7,0.74,0.4,0.18,0.0,0.0,0.06,0.12,0.2,0.29,0.37,0.44,0.5,0.57,0.63,0.64,0.77,0.93,0.89,0.76,0.73,0.77,0.74,0.42,0.11,0.0,0.0,0.06,0.1,0.18,0.27,0.35,0.42,0.45,0.51,0.57,0.63,0.75,0.85,0.81,0.71,0.64,0.65,0.54,0.29,1
BL12 IN,0.07,0.0,0.0,0.07,0.3,0.78,0.53,0.41,0.4,0.46,0.49,0.46,0.45,0.48,0.68,0.86,0.66,0.51,0.51,0.6,0.19,0.06,0.0,0.0,0.06,0.27,0.71,0.5,0.36,0.36,0.43,0.46,0.44,0.44,0.53,0.72,0.8,0.58,0.43,0.42,0.5,0.15,0.07,0.0,0.0,0.05,0.21,0.59,0.41,0.33,0.33,0.4,0.45,0.44,0.44,0.47,0.67,0.82,0.62,0.47,0.5,0.58,0.18,0.07,0.0,0.0,0.06,0.27,0.71,0.51,0.4,0.38,0.45,0.51,0.47,0.45,0.49,0.71,0.9,0.67,0.51,0.55,0.61,0.18,0.11,0.0,0.0,0.06,0.27,0.69,0.52,0.41,0.42,0.48,0.55,0.52,0.52,0.56,0.8,1.0,0.82,0.63,0.66,0.79,0.28,0.11,0.0,0.0,0.06,0.17,0.35,0.45,0.55,0.64,0.69,0.73,0.71,0.68,0.72,0.88,0.83,0.64,0.58,0.6,0.7,0.26,0.11,0.0,0.0,0.04,0.11,0.24,0.34,0.46,0.53,0.59,0.63,0.62,0.66,0.69,0.84,0.84,0.72,0.69,0.73,0.66,0.32,1
BL13 IN,0.03,0.0,0.0,0.03,0.08,0.21,0.18,0.16,0.21,0.32,0.26,0.26,0.24,0.37,0.63,0.92,0.5,0.29,0.29,0.24,0.13,0.03,0.0,0.0,0.03,0.08,0.21,0.18,0.18,0.24,0.32,0.29,0.26,0.29,0.58,0.71,0.82,0.45,0.24,0.26,0.24,0.11,0.03,0.0,0.0,0.03,0.08,0.21,0.18,0.16,0.21,0.32,0.26,0.26,0.26,0.37,0.66,0.95,0.47,0.29,0.32,0.26,0.11,0.03,0.0,0.0,0.03,0.08,0.24,0.18,0.18,0.24,0.32,0.29,0.29,0.29,0.42,0.68,1.0,0.53,0.32,0.34,0.29,0.13,0.05,0.0,0.0,0.03,0.08,0.24,0.21,0.21,0.26,0.39,0.32,0.32,0.32,0.34,0.66,0.95,0.5,0.29,0.34,0.29,0.18,0.03,0.0,0.0,0.03,0.05,0.11,0.16,0.18,0.24,0.29,0.29,0.29,0.32,0.37,0.53,0.42,0.26,0.21,0.24,0.24,0.08,0.03,0.0,0.0,0.03,0.05,0.11,0.13,0.18,0.26,0.26,0.32,0.29,0.32,0.29,0.39,0.32,0.21,0.16,0.18,0.13,0.05,2
BL14 IN,0.04,0.0,0.0,0.04,0.13,0.31,0.2,0.15,0.16,0.24,0.27,0.29,0.33,0.4,0.65,0.93,0.67,0.4,0.38,0.25,0.09,0.04,0.0,0.0,0.04,0.13,0.31,0.2,0.15,0.16,0.24,0.25,0.27,0.33,0.53,0.67,0.82,0.56,0.33,0.35,0.24,0.07,0.04,0.0,0.0,0.02,0.11,0.29,0.18,0.13,0.16,0.22,0.27,0.27,0.31,0.4,0.64,0.89,0.62,0.38,0.4,0.29,0.11,0.04,0.0,0.0,0.04,0.13,0.31,0.22,0.15,0.18,0.25,0.27,0.29,0.35,0.4,0.67,0.96,0.67,0.4,0.44,0.31,0.11,0.07,0.0,0.0,0.04,0.13,0.31,0.2,0.15,0.2,0.27,0.31,0.33,0.36,0.45,0.71,1.0,0.71,0.44,0.49,0.4,0.16,0.05,0.0,0.0,0.02,0.05,0.09,0.13,0.16,0.22,0.33,0.4,0.44,0.55,0.65,0.8,0.73,0.51,0.4,0.45,0.35,0.15,0.04,0.0,0.0,0.02,0.05,0.09,0.11,0.13,0.2,0.31,0.36,0.44,0.49,0.56,0.65,0.62,0.44,0.35,0.33,0.2,0.07,1
BL15 IN,0.07,0.0,0.0,0.03,0.11,0.25,0.18,0.15,0.2,0.28,0.38,0.43,0.46,0.52,0.67,0.9,0.82,0.69,0.74,0.66,0.18,0.07,0.0,0.0,0.03,0.11,0.26,0.18,0.15,0.2,0.26,0.36,0.43,0.49,0.61,0.8,0.85,0.7,0.59,0.66,0.57,0.16,0.07,0.0,0.0,0.03,0.1,0.23,0.16,0.13,0.18,0.26,0.36,0.41,0.46,0.54,0.69,0.89,0.79,0.69,0.77,0.69,0.2,0.07,0.0,0.0,0.03,0.11,0.26,0.18,0.15,0.2,0.28,0.38,0.43,0.48,0.56,0.72,0.93,0.84,0.72,0.87,0.77,0.23,0.13,0.0,0.0,0.03,0.11,0.26,0.18,0.16,0.21,0.3,0.41,0.48,0.52,0.61,0.75,1.0,0.87,0.79,0.9,0.98,0.36,0.11,0.0,0.0,0.03,0.05,0.1,0.15,0.16,0.23,0.34,0.48,0.59,0.67,0.79,0.9,0.85,0.77,0.77,0.84,0.84,0.3,0.05,0.0,0.0,0.03,0.05,0.08,0.11,0.13,0.2,0.26,0.39,0.52,0.62,0.64,0.72,0.69,0.62,0.62,0.67,0.57,0.16,1
BL16 IN,0.07,0.0,0.0,0.03,0.07,0.19,0.14,0.12,0.16,0.19,0.24,0.29,0.33,0.38,0.55,0.97,0.78,0.55,0.57,0.52,0.21,0.07,0.0,0.0,0.03,0.09,0.19,0.14,0.12,0.14,0.19,0.24,0.28,0.33,0.48,0.67,0.9,0.66,0.48,0.52,0.45,0.19,0.07,0.0,0.0,0.03,0.07,0.17,0.12,0.1,0.14,0.19,0.22,0.28,0.31,0.38,0.52,0.91,0.72,0.55,0.64,0.59,0.22,0.09,0.0,0.0,0.03,0.07,0.19,0.14,0.12,0.16,0.21,0.26,0.31,0.33,0.41,0.57,0.98,0.78,0.59,0.66,0.64,0.26,0.16,0.0,0.0,0.03,0.07,0.19,0.14,0.14,0.16,0.22,0.28,0.33,0.36,0.43,0.59,1.0,0.79,0.59,0.71,0.72,0.36,0.14,0.0,0.0,0.03,0.03,0.07,0.1,0.12,0.17,0.22,0.29,0.4,0.45,0.53,0.62,0.59,0.53,0.52,0.6,0.59,0.31,0.07,0.0,0.0,0.03,0.03,0.07,0.09,0.1,0.14,0.19,0.24,0.34,0.4,0.43,0.52,0.47,0.41,0.41,0.45,0.4,0.17,1
BL17 IN,0.06,0.0,0.0,0.03,0.12,0.32,0.21,0.18,0.21,0.26,0.29,0.32,0.32,0.35,0.56,0.97,0.82,0.47,0.44,0.41,0.18,0.06,0.0,0.0,0.03,0.12,0.32,0.21,0.15,0.18,0.26,0.29,0.32,0.32,0.47,0.68,0.88,0.68,0.44,0.41,0.35,0.15,0.06,0.0,0.0,0.03,0.12,0.29,0.21,0.15,0.18,0.24,0.26,0.29,0.32,0.35,0.53,0.94,0.74,0.47,0.5,0.44,0.18,0.06,0.0,0.0,0.03,0.12,0.32,0.24,0.15,0.21,0.26,0.32,0.32,0.35,0.38,0.56,1.0,0.82,0.5,0.56,0.5,0.18,0.12,0.0,0.0,0.03,0.12,0.32,0.24,0.18,0.21,0.29,0.35,0.35,0.38,0.41,0.62,1.0,0.82,0.56,0.59,0.62,0.26,0.12,0.0,0.0,0.03,0.06,0.12,0.15,0.18,0.21,0.29,0.35,0.41,0.44,0.47,0.56,0.53,0.44,0.41,0.47,0.41,0.21,0.06,0.0,0.0,0.03,0.06,0.09,0.12,0.15,0.21,0.24,0.32,0.38,0.38,0.41,0.47,0.41,0.35,0.32,0.35,0.29,0.12,1
BL18 IN,0.04,0.0,0.0,0.03,0.13,0.26,0.17,0.15,0.16,0.21,0.25,0.28,0.31,0.36,0.56,0.93,0.8,0.52,0.47,0.44,0.12,0.04,0.0,0.0,0.02,0.12,0.26,0.17,0.14,0.16,0.21,0.24,0.27,0.3,0.46,0.66,0.88,0.67,0.42,0.4,0.37,0.11,0.04,0.0,0.0,0.02,0.1,0.24,0.15,0.13,0.15,0.2,0.24,0.26,0.28,0.35,0.55,0.89,0.72,0.48,0.47,0.46,0.13,0.05,0.0,0.0,0.03,0.12,0.26,0.17,0.14,0.17,0.23,0.27,0.29,0.31,0.36,0.58,0.95,0.78,0.53,0.53,0.51,0.15,0.09,0.0,0.0,0.03,0.12,0.25,0.17,0.16,0.18,0.24,0.29,0.33,0.35,0.42,0.63,1.0,0.81,0.55,0.56,0.63,0.26,0.09,0.0,0.0,0.03,0.05,0.1,0.13,0.14,0.18,0.22,0.3,0.36,0.42,0.52,0.62,0.62,0.52,0.48,0.54,0.6,0.26,0.05,0.0,0.0,0.03,0.04,0.08,0.1,0.11,0.15,0.19,0.26,0.34,0.4,0.47,0.56,0.54,0.46,0.44,0.48,0.47,0.13,1
BL19 IN,0.04,0.0,0.0,0.11,0.37,0.93,0.48,0.3,0.3,0.33,0.37,0.3,0.3,0.33,0.44,0.78,0.59,0.33,0.26,0.19,0.07,0.04,0.0,0.0,0.11,0.37,1.0,0.52,0.33,0.3,0.37,0.41,0.3,0.3,0.44,0.56,0.7,0.52,0.3,0.22,0.19,0.07,0.04,0.0,0.0,0.07,0.33,0.93,0.48,0.3,0.3,0.33,0.37,0.33,0.3,0.33,0.48,0.78,0.56,0.3,0.3,0.22,0.07,0.04,0.0,0.0,0.11,0.37,0.96,0.56,0.33,0.33,0.37,0.41,0.33,0.33,0.37,0.48,0.81,0.59,0.33,0.3,0.22,0.11,0.04,0.0,0.0,0.11,0.37,0.93,0.56,0.37,0.37,0.37,0.41,0.33,0.33,0.37,0.52,0.85,0.67,0.41,0.33,0.26,0.11,0.04,0.0,0.0,0.07,0.15,0.3,0.33,0.37,0.44,0.44,0.44,0.37,0.41,0.41,0.52,0.48,0.33,0.26,0.26,0.22,0.11,0.04,0.0,0.0,0.07,0.11,0.22,0.3,0.3,0.41,0.37,0.41,0.37,0.33,0.37,0.44,0.41,0.3,0.22,0.22,0.15,0.07,3
BL20 IN,0.04,0.0,0.0,0.11,0.37,0.96,0.52,0.3,0.3,0.3,0.33,0.3,0.26,0.33,0.41,0.56,0.41,0.26,0.19,0.15,0.07,0.04,0.0,0.0,0.11,0.41,1.0,0.52,0.33,0.3,0.33,0.33,0.3,0.26,0.37,0.41,0.52,0.37,0.22,0.19,0.15,0.07,0.04,0.0,0.0,0.07,0.33,0.93,0.48,0.3,0.3,0.3,0.33,0.3,0.26,0.3,0.41,0.56,0.41,0.22,0.22,0.19,0.07,0.04,0.0,0.0,0.11,0.37,1.0,0.52,0.33,0.3,0.33,0.33,0.26,0.26,0.3,0.41,0.59,0.44,0.26,0.22,0.19,0.07,0.04,0.0,0.0,0.11,0.37,0.96,0.52,0.33,0.33,0.33,0.33,0.3,0.3,0.33,0.44,0.63,0.48,0.3,0.26,0.22,0.11,0.04,0.0,0.0,0.07,0.15,0.3,0.37,0.37,0.44,0.44,0.44,0.41,0.33,0.37,0.48,0.44,0.3,0.22,0.22,0.19,0.11,0.0,0.0,0.0,0.07,0.11,0.22,0.3,0.33,0.37,0.37,0.37,0.37,0.33,0.3,0.37,0.33,0.26,0.19,0.19,0.15,0.07,3
BL21 IN,0.0,0.0,0.0,0.08,0.29,0.62,0.38,0.25,0.25,0.29,0.33,0.25,0.21,0.25,0.54,0.96,0.67,0.29,0.17,0.17,0.04,0.0,0.0,0.0,0.08,0.29,0.62,0.38,0.25,0.25,0.29,0.29,0.25,0.21,0.38,0.62,0.83,0.58,0.25,0.17,0.08,0.04,0.0,0.0,0.0,0.08,0.25,0.58,0.33,0.25,0.25,0.29,0.29,0.25,0.21,0.25,0.5,0.92,0.58,0.25,0.17,0.12,0.04,0.0,0.0,0.0,0.08,0.29,0.62,0.38,0.29,0.25,0.33,0.33,0.25,0.25,0.29,0.58,1.0,0.71,0.29,0.21,0.17,0.04,0.04,0.0,0.0,0.08,0.29,0.62,0.42,0.29,0.29,0.33,0.33,0.25,0.25,0.29,0.58,1.0,0.75,0.29,0.21,0.17,0.04,0.04,0.0,0.0,0.08,0.12,0.21,0.29,0.29,0.33,0.33,0.33,0.29,0.25,0.25,0.33,0.33,0.21,0.12,0.12,0.08,0.04,0.0,0.0,0.0,0.04,0.08,0.17,0.21,0.25,0.29,0.29,0.29,0.25,0.21,0.21,0.25,0.21,0.17,0.12,0.08,0.08,0.04,2
BL22 IN,0.04,0.0,0.0,0.08,0.33,1.0,0.5,0.33,0.29,0.29,0.33,0.29,0.29,0.29,0.46,0.83,0.67,0.38,0.29,0.25,0.08,0.04,0.0,0.0,0.08,0.33,0.96,0.5,0.29,0.25,0.29,0.29,0.29,0.29,0.38,0.58,0.79,0.54,0.33,0.25,0.21,0.08,0.04,0.0,0.0,0.08,0.33,0.83,0.42,0.25,0.25,0.29,0.33,0.29,0.29,0.33,0.5,0.83,0.62,0.38,0.29,0.25,0.08,0.04,0.0,0.0,0.08,0.38,1.0,0.58,0.33,0.29,0.33,0.38,0.33,0.29,0.29,0.5,0.88,0.67,0.42,0.33,0.25,0.08,0.04,0.0,0.0,0.08,0.38,0.96,0.54,0.38,0.33,0.38,0.42,0.38,0.33,0.38,0.58,1.0,0.79,0.46,0.38,0.33,0.17,0.04,0.0,0.0,0.04,0.12,0.21,0.33,0.46,0.46,0.42,0.5,0.5,0.54,0.54,0.58,0.54,0.42,0.38,0.38,0.33,0.17,0.04,0.0,0.0,0.04,0.08,0.17,0.25,0.33,0.38,0.38,0.42,0.42,0.46,0.46,0.5,0.46,0.42,0.42,0.42,0.33,0.17,3
BL23 IN,0.02,0.0,0.0,0.09,0.38,0.79,0.39,0.25,0.21,0.21,0.21,0.18,0.16,0.2,0.36,0.77,0.68,0.25,0.14,0.09,0.04,0.02,0.0,0.0,0.07,0.38,0.8,0.41,0.25,0.2,0.2,0.2,0.16,0.16,0.23,0.45,0.66,0.54,0.21,0.12,0.07,0.04,0.02,0.0,0.0,0.07,0.32,0.7,0.38,0.23,0.2,0.2,0.21,0.18,0.16,0.18,0.32,0.7,0.55,0.21,0.12,0.09,0.04,0.02,0.0,0.0,0.07,0.38,0.79,0.43,0.25,0.21,0.23,0.23,0.2,0.2,0.23,0.39,0.89,0.7,0.25,0.14,0.11,0.05,0.02,0.0,0.0,0.07,0.36,0.79,0.43,0.27,0.25,0.29,0.3,0.25,0.25,0.3,0.48,1.0,0.77,0.25,0.14,0.11,0.05,0.04,0.0,0.0,0.05,0.12,0.21,0.25,0.29,0.34,0.36,0.38,0.36,0.36,0.43,0.48,0.52,0.25,0.12,0.16,0.48,0.32,0.02,0.0,0.0,0.04,0.09,0.16,0.2,0.23,0.29,0.29,0.29,0.29,0.27,0.27,0.32,0.3,0.18,0.11,0.11,0.09,0.04,3
BR01 IN,0.0,0.0,0.0,0.0,0.2,0.6,0.2,0.13,0.13,0.13,0.2,0.27,0.27,0.33,0.47,0.4,0.13,0.07,0.07,0.0,0.0,0.0,0.0,0.0,0.0,0.2,0.6,0.27,0.13,0.13,0.2,0.27,0.33,0.47,0.47,0.6,0.4,0.13,0.07,0.07,0.07,0.0,0.0,0.0,0.0,0.0,0.13,0.6,0.2,0.07,0.13,0.2,0.2,0.27,0.33,0.47,0.67,0.47,0.2,0.13,0.07,0.07,0.0,0.0,0.0,0.0,0.0,0.2,0.6,0.27,0.13,0.13,0.2,0.27,0.33,0.4,0.47,0.67,0.53,0.27,0.13,0.07,0.07,0.0,0.0,0.0,0.0,0.0,0.2,0.6,0.27,0.13,0.13,0.2,0.33,0.33,0.4,0.53,0.67,0.53,0.2,0.13,0.13,0.07,0.07,0.0,0.0,0.0,0.0,0.07,0.13,0.13,0.13,0.2,0.27,0.4,0.53,0.6,0.73,0.8,0.67,0.67,0.67,0.53,0.2,0.07,0.0,0.0,0.0,0.0,0.07,0.07,0.13,0.13,0.2,0.33,0.4,0.53,0.67,0.73,1.0,0.67,0.27,0.27,0.13,0.07,0.0,3
BR02 IN,0.0,0.0,0.0,0.14,0.43,1.0,0.57,0.29,0.29,0.43,0.29,0.29,0.29,0.29,0.29,0.43,0.29,0.14,0.14,0.0,0.0,0.0,0.0,0.0,0.14,0.43,1.0,0.57,0.29,0.29,0.43,0.29,0.29,0.14,0.29,0.29,0.29,0.29,0.14,0.14,0.0,0.0,0.0,0.0,0.0,0.14,0.43,1.0,0.57,0.29,0.29,0.43,0.29,0.29,0.14,0.29,0.29,0.43,0.29,0.14,0.14,0.14,0.0,0.0,0.0,0.0,0.14,0.43,1.0,0.57,0.29,0.29,0.43,0.29,0.29,0.29,0.29,0.29,0.43,0.29,0.14,0.14,0.0,0.0,0.0,0.0,0.0,0.14,0.43,1.0,0.57,0.43,0.29,0.43,0.29,0.29,0.29,0.29,0.43,0.43,0.29,0.14,0.14,0.14,0.0,0.0,0.0,0.0,0.0,0.14,0.29,0.29,0.29,0.43,0.43,0.29,0.29,0.29,0.29,0.43,0.43,0.29,0.14,0.14,0.14,0.0,0.0,0.0,0.0,0.0,0.14,0.14,0.29,0.29,0.29,0.29,0.29,0.29,0.29,0.29,0.43,0.29,0.29,0.14,0.14,0.0,0.0,0
BR03 IN,0.0,0.0,0.0,0.0,0.37,1.0,0.37,0.25,0.12,0.12,0.12,0.12,0.12,0.12,0.12,0.25,0.12,0.0,0.0,0.0,0.0,0.0,0.0,0.0,0.0,0.37,1.0,0.5,0.25,0.12,0.12,0.12,0.12,0.12,0.12,0.12,0.12,0.12,0.0,0.0,0.0,0.0,0.0,0.0,0.0,0.0,0.25,0.87,0.37,0.25,0.12,0.12,0.12,0.12,0.12,0.12,0.12,0.25,0.12,0.0,0.0,0.0,0.0,0.0,0.0,0.0,0.0,0.25,1.0,0.5,0.25,0.12,0.12,0.12,0.12,0.12,0.12,0.12,0.25,0.12,0.0,0.0,0.0,0.0,0.0,0.0,0.0,0.0,0.37,1.0,0.5,0.25,0.12,0.12,0.12,0.12,0.12,0.12,0.12,0.25,0.12,0.0,0.0,0.0,0.0,0.0,0.0,0.0,0.0,0.12,0.25,0.25,0.25,0.25,0.25,0.25,0.12,0.12,0.12,0.25,0.25,0.12,0.0,0.0,0.0,0.0,0.0,0.0,0.0,0.0,0.12,0.12,0.12,0.12,0.25,0.12,0.12,0.12,0.12,0.12,0.12,0.12,0.12,0.0,0.0,0.0,0.0,0
BR04 IN,0.0,0.0,0.0,0.07,0.32,0.96,0.46,0.25,0.25,0.29,0.25,0.18,0.18,0.21,0.29,0.29,0.21,0.11,0.11,0.07,0.04,0.0,0.0,0.0,0.07,0.32,1.0,0.46,0.25,0.25,0.29,0.25,0.18,0.18,0.21,0.32,0.29,0.18,0.11,0.11,0.07,0.04,0.0,0.0,0.0,0.07,0.29,0.96,0.43,0.25,0.25,0.25,0.25,0.18,0.18,0.21,0.29,0.29,0.18,0.11,0.11,0.07,0.04,0.0,0.0,0.0,0.07,0.32,0.96,0.46,0.29,0.25,0.29,0.25,0.18,0.18,0.21,0.29,0.32,0.21,0.14,0.11,0.07,0.04,0.0,0.0,0.0,0.07,0.32,0.96,0.46,0.29,0.29,0.29,0.29,0.21,0.18,0.21,0.32,0.36,0.25,0.14,0.11,0.07,0.04,0.0,0.0,0.0,0.04,0.07,0.21,0.25,0.25,0.32,0.29,0.29,0.21,0.18,0.21,0.21,0.21,0.14,0.11,0.11,0.07,0.04,0.0,0.0,0.0,0.04,0.07,0.14,0.18,0.18,0.21,0.21,0.21,0.21,0.14,0.14,0.18,0.18,0.11,0.07,0.07,0.07,0.04,0
BR05 IN,0.0,0.0,0.0,0.11,0.33,1.0,0.44,0.22,0.11,0.11,0.11,0.11,0.11,0.11,0.22,0.22,0.11,0.11,0.0,0.0,0.0,0.0,0.0,0.0,0.11,0.33,1.0,0.44,0.22,0.22,0.11,0.11,0.11,0.11,0.11,0.22,0.11,0.11,0.0,0.0,0.0,0.0,0.0,0.0,0.0,0.11,0.33,1.0,0.44,0.22,0.22,0.11,0.11,0.11,0.11,0.11,0.22,0.22,0.11,0.11,0.11,0.0,0.0,0.0,0.0,0.0,0.11,0.33,1.0,0.44,0.22,0.11,0.11,0.11,0.11,0.11,0.11,0.22,0.22,0.11,0.11,0.11,0.0,0.0,0.0,0.0,0.0,0.11,0.33,1.0,0.44,0.22,0.22,0.11,0.11,0.11,0.11,0.11,0.22,0.22,0.11,0.11,0.11,0.0,0.0,0.0,0.0,0.0,0.0,0.11,0.22,0.22,0.22,0.22,0.22,0.22,0.22,0.11,0.11,0.22,0.22,0.22,0.11,0.11,0.11,0.0,0.0,0.0,0.0,0.0,0.11,0.11,0.22,0.22,0.22,0.33,0.22,0.11,0.11,0.11,0.11,0.11,0.11,0.0,0.0,0.0,0.0,0
BR06 IN,0.0,0.0,0.0,0.1,0.4,0.9,0.5,0.2,0.2,0.2,0.2,0.2,0.1,0.2,0.2,0.3,0.2,0.1,0.1,0.1,0.0,0.0,0.0,0.0,0.1,0.4,1.0,0.5,0.2,0.2,0.2,0.2,0.2,0.1,0.2,0.2,0.3,0.2,0.1,0.1,0.1,0.0,0.0,0.0,0.0,0.1,0.3,0.9,0.5,0.2,0.2,0.2,0.2,0.2,0.2,0.2,0.2,0.3,0.2,0.1,0.1,0.1,0.0,0.0,0.0,0.0,0.1,0.4,1.0,0.5,0.2,0.2,0.2,0.2,0.2,0.2,0.2,0.2,0.3,0.2,0.1,0.1,0.1,0.0,0.0,0.0,0.0,0.1,0.4,0.9,0.5,0.3,0.2,0.2,0.2,0.2,0.2,0.2,0.3,0.3,0.2,0.1,0.1,0.1,0.1,0.0,0.0,0.0,0.1,0.2,0.3,0.3,0.3,0.3,0.3,0.3,0.2,0.2,0.3,0.3,0.3,0.2,0.1,0.1,0.1,0.1,0.0,0.0,0.0,0.1,0.1,0.2,0.2,0.2,0.3,0.3,0.3,0.3,0.2,0.2,0.2,0.2,0.2,0.1,0.1,0.1,0.0,0
BR07 IN,0.05,0.0,0.0,0.11,0.37,0.95,0.53,0.26,0.26,0.26,0.26,0.26,0.21,0.26,0.37,0.74,0.53,0.26,0.21,0.16,0.05,0.05,0.0,0.0,0.05,0.37,1.0,0.53,0.26,0.21,0.26,0.26,0.26,0.21,0.32,0.47,0.63,0.42,0.21,0.21,0.16,0.05,0.05,0.0,0.0,0.05,0.32,0.95,0.53,0.26,0.21,0.26,0.32,0.26,0.21,0.26,0.37,0.68,0.47,0.26,0.26,0.16,0.05,0.05,0.0,0.0,0.11,0.37,1.0,0.53,0.26,0.26,0.26,0.32,0.26,0.21,0.26,0.42,0.74,0.53,0.26,0.26,0.21,0.11,0.05,0.0,0.0,0.11,0.37,0.95,0.53,0.26,0.26,0.32,0.32,0.26,0.26,0.26,0.42,0.74,0.53,0.32,0.26,0.26,0.16,0.05,0.0,0.0,0.05,0.16,0.26,0.26,0.32,0.32,0.32,0.37,0.32,0.32,0.32,0.37,0.32,0.26,0.21,0.21,0.21,0.11,0.05,0.0,0.0,0.05,0.11,0.16,0.21,0.26,0.26,0.26,0.26,0.26,0.21,0.21,0.26,0.26,0.21,0.16,0.16,0.16,0.05,3
BR08 IN,0.05,0.0,0.0,0.05,0.29,0.86,0.52,0.24,0.24,0.29,0.33,0.29,0.29,0.33,0.57,0.9,0.67,0.33,0.43,0.29,0.1,0.05,0.0,0.0,0.05,0.29,0.9,0.52,0.24,0.24,0.33,0.38,0.29,0.29,0.48,0.67,0.81,0.57,0.29,0.29,0.24,0.1,0.05,0.0,0.0,0.05,0.24,0.81,0.48,0.24,0.24,0.33,0.33,0.29,0.29,0.38,0.52,0.9,0.62,0.33,0.33,0.29,0.1,0.05,0.0,0.0,0.05,0.29,0.86,0.52,0.24,0.24,0.33,0.38,0.29,0.29,0.38,0.62,0.95,0.67,0.33,0.33,0.33,0.1,0.05,0.0,0.0,0.05,0.24,0.86,0.52,0.29,0.29,0.33,0.38,0.33,0.29,0.38,0.62,1.0,0.67,0.38,0.33,0.33,0.14,0.05,0.0,0.0,0.05,0.14,0.19,0.24,0.24,0.33,0.33,0.38,0.33,0.29,0.33,0.48,0.48,0.33,0.24,0.24,0.24,0.1,0.05,0.0,0.0,0.05,0.1,0.14,0.19,0.19,0.29,0.29,0.33,0.29,0.29,0.29,0.38,0.38,0.24,0.19,0.19,0.14,0.1,3
BR12 IN,0.04,0.0,0.0,0.04,0.23,0.69,0.38,0.19,0.19,0.23,0.23,0.23,0.23,0.23,0.38,0.92,0.73,0.35,0.27,0.15,0.08,0.04,0.0,0.0,0.04,0.27,0.73,0.38,0.19,0.23,0.23,0.27,0.23,0.23,0.35,0.5,0.85,0.58,0.31,0.23,0.15,0.04,0.04,0.0,0.0,0.04,0.23,0.65,0.35,0.19,0.19,0.23,0.23,0.23,0.19,0.27,0.38,0.92,0.65,0.31,0.27,0.19,0.08,0.04,0.0,0.0,0.04,0.27,0.69,0.38,0.23,0.23,0.27,0.27,0.23,0.23,0.27,0.42,0.96,0.69,0.35,0.31,0.23,0.08,0.04,0.0,0.0,0.04,0.23,0.69,0.38,0.23,0.23,0.27,0.27,0.27,0.23,0.31,0.42,1.0,0.73,0.35,0.31,0.23,0.08,0.04,0.0,0.0,0.04,0.08,0.15,0.23,0.23,0.31,0.27,0.31,0.27,0.27,0.31,0.35,0.35,0.23,0.19,0.19,0.15,0.08,0.04,0.0,0.0,0.04,0.08,0.12,0.19,0.19,0.23,0.27,0.27,0.23,0.23,0.23,0.27,0.27,0.19,0.15,0.15,0.12,0.04,2
BR13 IN,0.0,0.0,0.0,0.0,0.22,0.44,0.33,0.33,0.33,0.33,0.44,0.44,0.44,0.44,0.56,0.89,0.67,0.44,0.33,0.33,0.11,0.0,0.0,0.0,0.0,0.22,0.44,0.33,0.33,0.33,0.33,0.44,0.44,0.33,0.44,0.67,0.78,0.56,0.33,0.22,0.22,0.11,0.0,0.0,0.0,0.0,0.11,0.33,0.22,0.33,0.22,0.33,0.44,0.33,0.33,0.44,0.56,0.89,0.67,0.44,0.33,0.22,0.11,0.0,0.0,0.0,0.0,0.22,0.44,0.33,0.44,0.22,0.33,0.56,0.44,0.33,0.56,0.67,0.89,0.67,0.44,0.44,0.33,0.11,0.0,0.0,0.0,0.0,0.22,0.44,0.33,0.44,0.44,0.44,0.56,0.56,0.44,0.56,0.78,1.0,0.67,0.56,0.33,0.33,0.11,0.0,0.0,0.0,0.0,0.11,0.11,0.22,0.44,0.44,0.33,0.56,0.44,0.33,0.56,0.44,0.44,0.44,0.33,0.33,0.22,0.11,0.0,0.0,0.0,0.0,0.11,0.11,0.22,0.33,0.44,0.33,0.56,0.56,0.33,0.56,0.56,0.44,0.44,0.44,0.44,0.33,0.11,1
BR14 IN,0.0,0.0,0.0,0.09,0.36,1.0,0.55,0.27,0.27,0.36,0.36,0.36,0.36,0.45,0.82,0.82,0.55,0.27,0.27,0.27,0.09,0.0,0.0,0.0,0.09,0.36,1.0,0.64,0.27,0.27,0.36,0.36,0.27,0.36,0.45,0.82,0.73,0.45,0.27,0.27,0.27,0.09,0.0,0.0,0.0,0.09,0.36,1.0,0.55,0.27,0.27,0.36,0.36,0.36,0.36,0.45,0.82,0.82,0.55,0.36,0.36,0.27,0.09,0.0,0.0,0.0,0.09,0.36,1.0,0.55,0.27,0.36,0.45,0.45,0.36,0.27,0.45,0.82,0.91,0.55,0.36,0.36,0.36,0.09,0.09,0.0,0.0,0.09,0.36,1.0,0.55,0.36,0.36,0.45,0.45,0.36,0.36,0.45,0.82,0.91,0.64,0.36,0.36,0.36,0.18,0.0,0.0,0.0,0.09,0.09,0.27,0.36,0.36,0.45,0.45,0.45,0.45,0.36,0.45,0.64,0.55,0.36,0.27,0.27,0.27,0.09,0.0,0.0,0.0,0.0,0.09,0.18,0.27,0.27,0.36,0.36,0.36,0.36,0.36,0.36,0.45,0.45,0.27,0.27,0.27,0.18,0.09,3
BR15 IN,0.07,0.0,0.0,0.07,0.2,0.67,0.33,0.2,0.2,0.2,0.27,0.33,0.33,0.4,0.53,0.87,0.73,0.4,0.47,0.4,0.13,0.07,0.0,0.0,0.07,0.2,0.67,0.33,0.2,0.2,0.2,0.27,0.33,0.33,0.47,0.73,0.8,0.6,0.33,0.33,0.33,0.13,0.07,0.0,0.0,0.07,0.2,0.6,0.33,0.13,0.13,0.2,0.27,0.33,0.27,0.33,0.53,0.87,0.67,0.4,0.47,0.47,0.13,0.07,0.0,0.0,0.07,0.2,0.67,0.33,0.2,0.2,0.2,0.27,0.33,0.27,0.4,0.6,0.93,0.73,0.47,0.47,0.47,0.2,0.07,0.0,0.0,0.07,0.2,0.67,0.4,0.2,0.2,0.2,0.27,0.4,0.33,0.4,0.6,1.0,0.8,0.47,0.6,0.67,0.2,0.13,0.0,0.0,0.07,0.07,0.13,0.2,0.2,0.2,0.27,0.33,0.47,0.53,0.53,0.67,0.6,0.47,0.47,0.67,0.67,0.27,0.07,0.0,0.0,0.0,0.07,0.13,0.13,0.13,0.2,0.27,0.33,0.4,0.53,0.6,0.67,0.53,0.47,0.47,0.53,0.53,0.2,1
BR16 IN,0.02,0.0,0.0,0.02,0.07,0.21,0.12,0.07,0.07,0.12,0.12,0.09,0.09,0.12,0.23,0.91,0.93,0.4,0.21,0.12,0.05,0.02,0.0,0.0,0.02,0.07,0.21,0.12,0.07,0.07,0.12,0.12,0.12,0.14,0.23,0.49,0.84,0.77,0.33,0.16,0.09,0.05,0.02,0.0,0.0,0.02,0.07,0.19,0.12,0.07,0.07,0.09,0.12,0.09,0.09,0.12,0.23,0.88,0.81,0.33,0.19,0.12,0.05,0.02,0.0,0.0,0.02,0.07,0.21,0.12,0.07,0.07,0.12,0.14,0.12,0.12,0.14,0.23,0.93,0.91,0.4,0.21,0.14,0.05,0.02,0.0,0.0,0.02,0.07,0.21,0.12,0.09,0.09,0.12,0.14,0.12,0.14,0.16,0.28,1.0,0.93,0.35,0.21,0.14,0.05,0.02,0.0,0.0,0.02,0.02,0.07,0.07,0.07,0.09,0.09,0.12,0.12,0.09,0.09,0.12,0.12,0.09,0.07,0.07,0.07,0.02,0.0,0.0,0.0,0.0,0.02,0.05,0.05,0.05,0.07,0.09,0.09,0.09,0.09,0.07,0.09,0.09,0.07,0.07,0.05,0.05,0.02,2
BR17 IN,0.03,0.0,0.0,0.03,0.14,0.35,0.19,0.11,0.14,0.16,0.16,0.14,0.11,0.14,0.24,0.86,0.86,0.38,0.22,0.11,0.05,0.03,0.0,0.0,0.03,0.14,0.38,0.19,0.11,0.14,0.16,0.16,0.14,0.14,0.3,0.49,0.76,0.7,0.3,0.19,0.11,0.03,0.03,0.0,0.0,0.03,0.11,0.35,0.19,0.11,0.11,0.16,0.16,0.11,0.11,0.14,0.24,0.84,0.73,0.32,0.22,0.11,0.05,0.03,0.0,0.0,0.03,0.14,0.38,0.22,0.14,0.14,0.16,0.16,0.14,0.11,0.14,0.27,0.89,0.84,0.38,0.22,0.14,0.05,0.03,0.0,0.0,0.03,0.14,0.35,0.22,0.14,0.16,0.19,0.19,0.14,0.14,0.16,0.3,1.0,0.86,0.35,0.22,0.14,0.05,0.03,0.0,0.0,0.03,0.05,0.11,0.14,0.14,0.16,0.16,0.16,0.14,0.11,0.14,0.16,0.16,0.11,0.08,0.08,0.05,0.03,0.0,0.0,0.0,0.03,0.05,0.08,0.08,0.11,0.14,0.14,0.14,0.14,0.11,0.11,0.14,0.11,0.08,0.05,0.05,0.05,0.03,2
BR18 IN,0.0,0.0,0.0,0.1,0.3,0.9,0.5,0.2,0.2,0.2,0.2,0.2,0.2,0.3,0.3,0.4,0.3,0.2,0.1,0.1,0.0,0.0,0.0,0.0,0.1,0.3,1.0,0.5,0.2,0.2,0.2,0.2,0.2,0.2,0.3,0.4,0.4,0.3,0.2,0.1,0.1,0.0,0.0,0.0,0.0,0.1,0.3,0.9,0.5,0.3,0.3,0.3,0.2,0.2,0.2,0.3,0.3,0.4,0.3,0.2,0.1,0.1,0.0,0.0,0.0,0.0,0.1,0.3,1.0,0.5,0.3,0.3,0.2,0.2,0.2,0.2,0.3,0.4,0.4,0.3,0.2,0.2,0.1,0.0,0.0,0.0,0.0,0.1,0.3,0.9,0.5,0.3,0.3,0.4,0.3,0.2,0.2,0.3,0.4,0.5,0.4,0.2,0.2,0.1,0.1,0.0,0.0,0.0,0.0,0.1,0.2,0.3,0.3,0.4,0.4,0.4,0.3,0.3,0.3,0.4,0.4,0.2,0.1,0.1,0.1,0.0,0.0,0.0,0.0,0.0,0.1,0.2,0.2,0.2,0.3,0.3,0.3,0.3,0.2,0.2,0.3,0.3,0.2,0.1,0.1,0.1,0.0,0
BR19 IN,0.0,0.0,0.0,0.06,0.39,1.0,0.5,0.28,0.22,0.22,0.28,0.22,0.17,0.22,0.28,0.33,0.22,0.17,0.17,0.11,0.06,0.0,0.0,0.0,0.06,0.33,1.0,0.5,0.28,0.22,0.22,0.28,0.22,0.22,0.22,0.33,0.28,0.22,0.11,0.11,0.11,0.06,0.0,0.0,0.0,0.06,0.33,0.94,0.5,0.22,0.22,0.22,0.28,0.22,0.22,0.22,0.28,0.33,0.22,0.17,0.17,0.11,0.06,0.0,0.0,0.0,0.06,0.33,1.0,0.5,0.28,0.22,0.28,0.28,0.22,0.22,0.22,0.33,0.33,0.28,0.17,0.17,0.17,0.06,0.0,0.0,0.0,0.06,0.33,0.94,0.5,0.28,0.28,0.28,0.28,0.28,0.22,0.22,0.33,0.39,0.33,0.17,0.22,0.17,0.06,0.0,0.0,0.0,0.06,0.11,0.22,0.28,0.28,0.39,0.39,0.44,0.33,0.33,0.33,0.39,0.33,0.22,0.17,0.17,0.11,0.06,0.0,0.0,0.0,0.06,0.11,0.17,0.22,0.28,0.33,0.33,0.33,0.33,0.28,0.28,0.33,0.28,0.17,0.17,0.17,0.11,0.06,0
BR20 IN,0.0,0.0,0.0,0.12,0.37,0.87,0.5,0.25,0.25,0.25,0.25,0.12,0.12,0.12,0.25,0.25,0.25,0.12,0.12,0.0,0.0,0.0,0.0,0.0,0.0,0.37,1.0,0.5,0.25,0.25,0.25,0.25,0.12,0.12,0.12,0.25,0.25,0.12,0.12,0.12,0.12,0.0,0.0,0.0,0.0,0.0,0.25,0.87,0.5,0.25,0.25,0.25,0.25,0.25,0.12,0.25,0.25,0.25,0.12,0.12,0.12,0.12,0.0,0.0,0.0,0.0,0.0,0.37,1.0,0.5,0.25,0.25,0.25,0.25,0.12,0.12,0.25,0.25,0.37,0.25,0.12,0.12,0.12,0.0,0.0,0.0,0.0,0.0,0.37,1.0,0.5,0.25,0.25,0.25,0.25,0.25,0.12,0.25,0.25,0.37,0.25,0.12,0.12,0.12,0.0,0.0,0.0,0.0,0.0,0.12,0.25,0.25,0.25,0.37,0.37,0.37,0.25,0.25,0.25,0.37,0.37,0.25,0.25,0.25,0.12,0.0,0.0,0.0,0.0,0.0,0.12,0.12,0.12,0.25,0.37,0.37,0.25,0.25,0.25,0.25,0.37,0.37,0.25,0.12,0.25,0.12,0.0,0
BR21 IN,0.0,0.0,0.0,0.06,0.37,0.94,0.5,0.25,0.25,0.25,0.25,0.19,0.19,0.19,0.31,0.44,0.25,0.12,0.12,0.06,0.0,0.0,0.0,0.0,0.06,0.37,1.0,0.5,0.25,0.25,0.25,0.25,0.19,0.19,0.25,0.37,0.37,0.25,0.12,0.12,0.06,0.0,0.0,0.0,0.0,0.06,0.31,0.94,0.5,0.25,0.25,0.25,0.25,0.19,0.19,0.19,0.37,0.44,0.25,0.12,0.12,0.06,0.0,0.0,0.0,0.0,0.06,0.37,1.0,0.56,0.25,0.31,0.31,0.31,0.25,0.19,0.19,0.37,0.44,0.25,0.12,0.12,0.06,0.06,0.0,0.0,0.0,0.06,0.37,1.0,0.5,0.31,0.25,0.25,0.25,0.19,0.19,0.19,0.44,0.5,0.31,0.19,0.12,0.12,0.06,0.0,0.0,0.0,0.06,0.12,0.25,0.25,0.25,0.31,0.37,0.37,0.25,0.25,0.25,0.31,0.31,0.19,0.12,0.12,0.06,0.06,0.0,0.0,0.0,0.06,0.06,0.19,0.25,0.25,0.31,0.25,0.25,0.25,0.19,0.19,0.25,0.19,0.12,0.06,0.06,0.06,0.06,0
BR22 IN,0.0,0.0,0.0,0.05,0.37,1.0,0.47,0.21,0.21,0.21,0.21,0.16,0.11,0.16,0.21,0.26,0.16,0.11,0.11,0.05,0.0,0.0,0.0,0.0,0.05,0.37,1.0,0.53,0.21,0.21,0.21,0.21,0.16,0.11,0.16,0.21,0.21,0.16,0.11,0.05,0.05,0.0,0.0,0.0,0.0,0.05,0.32,0.89,0.47,0.21,0.16,0.21,0.21,0.16,0.11,0.16,0.21,0.26,0.16,0.11,0.11,0.05,0.05,0.0,0.0,0.0,0.05,0.37,1.0,0.53,0.26,0.21,0.21,0.21,0.16,0.16,0.16,0.21,0.26,0.16,0.11,0.11,0.11,0.05,0.0,0.0,0.0,0.05,0.37,1.0,0.53,0.26,0.21,0.21,0.21,0.16,0.16,0.16,0.21,0.32,0.21,0.11,0.16,0.11,0.05,0.0,0.0,0.0,0.05,0.11,0.21,0.26,0.26,0.32,0.37,0.32,0.26,0.21,0.21,0.32,0.26,0.16,0.11,0.11,0.11,0.05,0.0,0.0,0.0,0.05,0.11,0.16,0.21,0.26,0.26,0.26,0.26,0.21,0.16,0.21,0.21,0.21,0.11,0.11,0.11,0.05,0.05,0
BR23 IN,0.0,0.0,0.0,0.0,0.08,0.23,0.15,0.08,0.08,0.15,0.15,0.15,0.15,0.15,0.31,1.0,0.85,0.46,0.23,0.15,0.0,0.0,0.0,0.0,0.0,0.08,0.23,0.15,0.08,0.08,0.08,0.15,0.15,0.15,0.38,0.54,0.85,0.69,0.31,0.23,0.08,0.0,0.0,0.0,0.0,0.0,0.08,0.23,0.15,0.08,0.08,0.15,0.15,0.15,0.15,0.15,0.31,1.0,0.69,0.38,0.23,0.15,0.0,0.0,0.0,0.0,0.0,0.08,0.23,0.15,0.08,0.08,0.15,0.15,0.15,0.15,0.15,0.31,1.0,0.77,0.38,0.31,0.15,0.0,0.0,0.0,0.0,0.0,0.08,0.23,0.15,0.08,0.08,0.15,0.15,0.15,0.15,0.15,0.31,1.0,0.77,0.38,0.23,0.15,0.0,0.0,0.0,0.0,0.0,0.0,0.08,0.08,0.08,0.08,0.08,0.15,0.15,0.15,0.15,0.23,0.23,0.23,0.15,0.15,0.08,0.08,0.0,0.0,0.0,0.0,0.0,0.0,0.08,0.08,0.08,0.08,0.15,0.15,0.15,0.15,0.15,0.15,0.15,0.15,0.08,0.08,0.0,2
G01 IN,0.0,0.0,0.0,0.11,0.44,0.96,0.44,0.26,0.26,0.22,0.22,0.19,0.15,0.22,0.3,0.26,0.15,0.11,0.07,0.07,0.04,0.0,0.0,0.0,0.11,0.44,1.0,0.48,0.26,0.22,0.22,0.22,0.19,0.15,0.22,0.3,0.22,0.11,0.11,0.07,0.04,0.04,0.0,0.0,0.0,0.07,0.37,0.85,0.37,0.26,0.22,0.22,0.22,0.19,0.19,0.22,0.3,0.26,0.15,0.11,0.07,0.07,0.04,0.0,0.0,0.0,0.11,0.44,1.0,0.48,0.26,0.26,0.22,0.22,0.19,0.19,0.22,0.33,0.26,0.15,0.11,0.07,0.07,0.04,0.0,0.0,0.0,0.11,0.44,0.96,0.44,0.26,0.26,0.22,0.26,0.22,0.15,0.22,0.37,0.33,0.19,0.11,0.11,0.07,0.04,0.04,0.0,0.0,0.07,0.15,0.26,0.3,0.3,0.33,0.3,0.33,0.26,0.26,0.3,0.33,0.33,0.26,0.19,0.15,0.11,0.07,0.0,0.0,0.0,0.04,0.11,0.22,0.26,0.26,0.33,0.3,0.3,0.3,0.3,0.3,0.33,0.33,0.26,0.22,0.15,0.11,0.04,0
G02 IN,0.0,0.0,0.0,0.08,0.4,0.96,0.48,0.28,0.24,0.24,0.24,0.2,0.16,0.16,0.24,0.28,0.2,0.08,0.08,0.04,0.04,0.0,0.0,0.0,0.08,0.4,1.0,0.48,0.28,0.24,0.2,0.2,0.16,0.16,0.16,0.24,0.24,0.16,0.08,0.08,0.04,0.04,0.0,0.0,0.0,0.08,0.32,0.84,0.4,0.24,0.24,0.24,0.24,0.2,0.16,0.16,0.24,0.28,0.16,0.08,0.08,0.08,0.04,0.0,0.0,0.0,0.08,0.4,0.96,0.52,0.28,0.24,0.24,0.24,0.2,0.16,0.16,0.24,0.32,0.2,0.12,0.08,0.08,0.04,0.0,0.0,0.0,0.08,0.4,1.0,0.48,0.28,0.24,0.24,0.24,0.2,0.16,0.2,0.28,0.36,0.24,0.12,0.12,0.08,0.04,0.0,0.0,0.0,0.08,0.12,0.28,0.32,0.28,0.36,0.28,0.32,0.28,0.2,0.24,0.28,0.24,0.16,0.12,0.08,0.08,0.04,0.0,0.0,0.0,0.04,0.12,0.2,0.24,0.28,0.32,0.28,0.28,0.24,0.2,0.2,0.2,0.2,0.12,0.12,0.08,0.08,0.04,0
G03 IN,0.0,0.0,0.0,0.11,0.43,1.0,0.54,0.32,0.32,0.29,0.32,0.29,0.25,0.25,0.36,0.5,0.39,0.21,0.14,0.11,0.04,0.0,0.0,0.0,0.11,0.46,1.0,0.54,0.32,0.32,0.29,0.32,0.25,0.21,0.29,0.39,0.46,0.32,0.18,0.14,0.11,0.04,0.0,0.0,0.0,0.11,0.39,0.86,0.46,0.32,0.29,0.29,0.36,0.29,0.21,0.21,0.32,0.46,0.32,0.18,0.14,0.11,0.04,0.0,0.0,0.0,0.11,0.43,1.0,0.57,0.36,0.32,0.32,0.36,0.29,0.25,0.25,0.36,0.54,0.39,0.21,0.18,0.14,0.07,0.04,0.0,0.0,0.11,0.43,1.0,0.57,0.36,0.32,0.32,0.36,0.29,0.25,0.25,0.39,0.57,0.43,0.21,0.18,0.14,0.07,0.04,0.0,0.0,0.07,0.18,0.32,0.36,0.39,0.43,0.43,0.43,0.36,0.29,0.32,0.39,0.36,0.25,0.18,0.18,0.14,0.07,0.0,0.0,0.0,0.07,0.14,0.25,0.32,0.32,0.39,0.36,0.39,0.36,0.29,0.29,0.32,0.29,0.21,0.18,0.14,0.11,0.04,0
G03A IN,0.0,0.0,0.0,0.0,0.4,1.0,0.4,0.2,0.2,0.2,0.2,0.2,0.2,0.2,0.2,0.4,0.4,0.2,0.2,0.0,0.0,0.0,0.0,0.0,0.0,0.4,1.0,0.4,0.2,0.2,0.2,0.2,0.2,0.2,0.4,0.2,0.2,0.2,0.0,0.0,0.0,0.0,0.0,0.0,0.0,0.0,0.2,0.8,0.4,0.2,0.2,0.2,0.2,0.2,0.2,0.2,0.2,0.2,0.2,0.2,0.0,0.2,0.0,0.0,0.0,0.0,0.0,0.4,0.8,0.4,0.2,0.2,0.2,0.2,0.2,0.2,0.2,0.4,0.4,0.2,0.2,0.2,0.2,0.0,0.0,0.0,0.0,0.0,0.4,1.0,0.4,0.4,0.2,0.2,0.2,0.2,0.2,0.4,0.6,0.4,0.2,0.2,0.2,0.0,0.0,0.0,0.0,0.0,0.0,0.2,0.2,0.2,0.2,0.4,0.4,0.4,0.4,0.4,0.6,0.4,0.4,0.2,0.2,0.2,0.2,0.0,0.0,0.0,0.0,0.0,0.0,0.2,0.2,0.2,0.4,0.4,0.6,0.4,0.2,0.2,0.4,0.6,0.2,0.2,0.2,0.0,0.0,0
G04 IN,0.03,0.0,0.0,0.1,0.43,1.0,0.5,0.33,0.33,0.33,0.33,0.3,0.27,0.33,0.47,0.8,0.7,0.37,0.23,0.17,0.07,0.03,0.0,0.0,0.1,0.43,1.0,0.5,0.33,0.3,0.33,0.33,0.3,0.27,0.43,0.57,0.73,0.57,0.3,0.23,0.13,0.07,0.03,0.0,0.0,0.1,0.37,0.87,0.43,0.3,0.27,0.33,0.33,0.3,0.27,0.3,0.4,0.7,0.6,0.3,0.23,0.17,0.07,0.03,0.0,0.0,0.1,0.43,1.0,0.53,0.33,0.3,0.33,0.37,0.33,0.3,0.37,0.5,0.87,0.7,0.37,0.27,0.2,0.1,0.03,0.0,0.0,0.1,0.43,1.0,0.53,0.33,0.37,0.37,0.37,0.33,0.3,0.37,0.53,0.93,0.77,0.4,0.3,0.23,0.1,0.03,0.0,0.0,0.07,0.17,0.3,0.33,0.37,0.43,0.43,0.5,0.43,0.33,0.33,0.4,0.43,0.3,0.23,0.23,0.2,0.07,0.0,0.0,0.0,0.07,0.13,0.23,0.27,0.3,0.33,0.33,0.4,0.37,0.33,0.3,0.37,0.33,0.23,0.23,0.2,0.13,0.07,3
G05 IN,0.04,0.0,0.0,0.12,0.42,0.96,0.5,0.31,0.31,0.31,0.31,0.27,0.27,0.27,0.38,0.5,0.35,0.23,0.23,0.15,0.08,0.04,0.0,0.0,0.12,0.42,1.0,0.54,0.35,0.31,0.35,0.35,0.27,0.27,0.31,0.38,0.42,0.27,0.19,0.19,0.15,0.08,0.04,0.0,0.0,0.12,0.35,0.92,0.46,0.31,0.31,0.31,0.31,0.27,0.23,0.27,0.38,0.46,0.31,0.23,0.23,0.15,0.08,0.04,0.0,0.0,0.12,0.38,1.0,0.54,0.35,0.31,0.31,0.35,0.27,0.23,0.27,0.38,0.46,0.31,0.23,0.23,0.19,0.08,0.04,0.0,0.0,0.12,0.42,1.0,0.5,0.35,0.35,0.35,0.35,0.27,0.27,0.35,0.54,0.5,0.38,0.27,0.27,0.23,0.08,0.04,0.0,0.0,0.08,0.19,0.31,0.35,0.38,0.42,0.42,0.42,0.35,0.35,0.46,0.46,0.54,0.35,0.27,0.31,0.23,0.12,0.04,0.0,0.0,0.08,0.15,0.23,0.31,0.35,0.38,0.38,0.42,0.35,0.35,0.31,0.42,0.46,0.31,0.27,0.23,0.15,0.08,3
G06 IN,0.0,0.0,0.0,0.09,0.41,0.95,0.45,0.27,0.23,0.23,0.23,0.18,0.14,0.14,0.27,0.32,0.18,0.14,0.09,0.09,0.05,0.0,0.0,0.0,0.09,0.45,1.0,0.45,0.27,0.23,0.18,0.23,0.18,0.14,0.18,0.27,0.27,0.18,0.09,0.09,0.09,0.05,0.0,0.0,0.0,0.09,0.41,0.91,0.41,0.23,0.23,0.23,0.23,0.18,0.14,0.18,0.27,0.32,0.23,0.14,0.09,0.09,0.05,0.0,0.0,0.0,0.09,0.41,0.95,0.5,0.27,0.23,0.23,0.23,0.18,0.18,0.18,0.27,0.32,0.23,0.14,0.09,0.09,0.05,0.0,0.0,0.0,0.09,0.45,0.95,0.5,0.27,0.23,0.23,0.27,0.23,0.18,0.18,0.32,0.36,0.27,0.14,0.14,0.09,0.05,0.0,0.0,0.0,0.09,0.18,0.27,0.32,0.32,0.36,0.32,0.32,0.27,0.23,0.27,0.32,0.32,0.18,0.14,0.14,0.09,0.05,0.0,0.0,0.0,0.05,0.14,0.23,0.27,0.27,0.32,0.27,0.32,0.27,0.23,0.23,0.27,0.23,0.14,0.14,0.09,0.09,0.05,0
G07 IN,0.05,0.0,0.0,0.08,0.24,0.51,0.32,0.24,0.24,0.32,0.38,0.38,0.41,0.43,0.73,0.86,0.62,0.46,0.49,0.41,0.16,0.05,0.0,0.0,0.08,0.24,0.54,0.35,0.24,0.24,0.32,0.41,0.38,0.43,0.57,0.81,0.81,0.51,0.41,0.41,0.35,0.14,0.05,0.0,0.0,0.05,0.22,0.49,0.3,0.22,0.22,0.32,0.38,0.38,0.41,0.46,0.78,0.86,0.59,0.46,0.54,0.43,0.16,0.05,0.0,0.0,0.08,0.24,0.51,0.35,0.24,0.24,0.35,0.41,0.38,0.43,0.49,0.84,0.92,0.62,0.49,0.54,0.49,0.19,0.08,0.0,0.0,0.08,0.24,0.51,0.35,0.24,0.27,0.35,0.46,0.43,0.49,0.57,0.89,1.0,0.73,0.57,0.59,0.57,0.27,0.08,0.0,0.0,0.05,0.14,0.22,0.24,0.27,0.32,0.43,0.54,0.57,0.54,0.7,0.89,0.78,0.65,0.57,0.57,0.49,0.24,0.05,0.0,0.0,0.05,0.08,0.16,0.22,0.24,0.3,0.41,0.59,0.57,0.57,0.57,0.73,0.78,0.59,0.51,0.49,0.35,0.16,1
G08 IN,0.05,0.0,0.0,0.09,0.36,0.82,0.45,0.32,0.27,0.32,0.36,0.32,0.32,0.45,0.82,0.91,0.64,0.45,0.5,0.41,0.18,0.05,0.0,0.0,0.09,0.41,0.82,0.5,0.32,0.32,0.32,0.36,0.32,0.36,0.59,0.82,0.82,0.55,0.41,0.45,0.41,0.18,0.05,0.0,0.0,0.09,0.36,0.77,0.45,0.27,0.27,0.32,0.36,0.36,0.36,0.45,0.77,0.86,0.64,0.5,0.55,0.5,0.18,0.09,0.0,0.0,0.09,0.41,0.82,0.5,0.32,0.32,0.36,0.36,0.36,0.36,0.45,0.82,0.91,0.64,0.5,0.64,0.55,0.23,0.09,0.0,0.0,0.09,0.36,0.82,0.5,0.32,0.32,0.36,0.41,0.36,0.36,0.5,0.91,1.0,0.73,0.55,0.68,0.64,0.27,0.09,0.0,0.0,0.09,0.18,0.27,0.32,0.32,0.41,0.45,0.5,0.45,0.45,0.59,0.73,0.73,0.59,0.59,0.68,0.55,0.27,0.05,0.0,0.0,0.05,0.14,0.23,0.27,0.32,0.41,0.41,0.45,0.45,0.45,0.5,0.64,0.59,0.55,0.5,0.5,0.41,0.18,1
G10 IN,0.02,0.0,0.0,0.04,0.16,0.38,0.24,0.22,0.27,0.38,0.36,0.29,0.33,0.38,0.82,0.93,0.51,0.29,0.27,0.27,0.09,0.02,0.0,0.0,0.04,0.16,0.4,0.27,0.22,0.27,0.4,0.36,0.33,0.36,0.6,0.84,0.8,0.42,0.27,0.27,0.24,0.04,0.02,0.0,0.0,0.02,0.13,0.36,0.22,0.2,0.27,0.36,0.33,0.31,0.33,0.4,0.82,0.87,0.47,0.27,0.29,0.27,0.09,0.02,0.0,0.0,0.04,0.16,0.38,0.27,0.22,0.29,0.4,0.36,0.31,0.36,0.44,0.89,0.96,0.51,0.31,0.33,0.24,0.11,0.04,0.0,0.0,0.04,0.16,0.38,0.27,0.22,0.31,0.44,0.4,0.36,0.38,0.44,0.93,1.0,0.58,0.36,0.4,0.38,0.16,0.04,0.0,0.0,0.04,0.13,0.13,0.2,0.22,0.33,0.47,0.44,0.4,0.42,0.58,0.69,0.53,0.31,0.27,0.51,0.33,0.2,0.02,0.0,0.0,0.02,0.07,0.11,0.16,0.24,0.33,0.4,0.42,0.44,0.42,0.49,0.62,0.56,0.29,0.2,0.22,0.22,0.07,1
G11 IN,0.0,0.0,0.0,0.0,0.14,0.5,0.29,0.29,0.36,0.43,0.29,0.29,0.36,0.43,0.93,1.0,0.5,0.29,0.21,0.21,0.07,0.0,0.0,0.0,0.0,0.14,0.5,0.29,0.29,0.36,0.43,0.29,0.29,0.36,0.64,0.86,0.86,0.43,0.21,0.21,0.21,0.07,0.0,0.0,0.0,0.0,0.14,0.43,0.29,0.21,0.29,0.43,0.29,0.29,0.36,0.43,0.86,0.86,0.43,0.29,0.29,0.21,0.07,0.0,0.0,0.0,0.0,0.14,0.5,0.29,0.29,0.36,0.43,0.36,0.29,0.36,0.43,0.93,0.93,0.5,0.29,0.29,0.21,0.07,0.0,0.0,0.0,0.0,0.14,0.5,0.29,0.29,0.36,0.5,0.36,0.29,0.36,0.43,0.86,0.93,0.43,0.29,0.21,0.29,0.07,0.0,0.0,0.0,0.0,0.07,0.14,0.14,0.21,0.21,0.29,0.29,0.21,0.21,0.29,0.43,0.29,0.21,0.14,0.14,0.14,0.07,0.0,0.0,0.0,0.0,0.07,0.07,0.14,0.14,0.21,0.29,0.21,0.21,0.21,0.21,0.29,0.29,0.14,0.14,0.14,0.14,0.07,2
G13 IN,0.05,0.0,0.0,0.05,0.21,0.53,0.26,0.21,0.26,0.32,0.32,0.32,0.32,0.37,0.63,0.95,0.63,0.37,0.26,0.21,0.11,0.05,0.0,0.0,0.05,0.21,0.53,0.32,0.21,0.21,0.32,0.32,0.32,0.32,0.47,0.68,0.84,0.58,0.32,0.26,0.16,0.05,0.05,0.0,0.0,0.05,0.16,0.42,0.26,0.16,0.21,0.26,0.32,0.26,0.32,0.32,0.63,0.89,0.58,0.37,0.32,0.21,0.11,0.05,0.0,0.0,0.05,0.21,0.53,0.32,0.21,0.21,0.32,0.32,0.32,0.32,0.37,0.63,0.95,0.63,0.37,0.32,0.21,0.11,0.05,0.0,0.0,0.05,0.21,0.53,0.32,0.21,0.26,0.32,0.37,0.32,0.37,0.42,0.68,1.0,0.68,0.37,0.37,0.26,0.16,0.05,0.0,0.0,0.0,0.11,0.16,0.21,0.21,0.32,0.32,0.37,0.37,0.47,0.47,0.63,0.58,0.47,0.32,0.37,0.26,0.11,0.05,0.0,0.0,0.0,0.11,0.11,0.16,0.21,0.26,0.26,0.32,0.37,0.42,0.47,0.53,0.47,0.42,0.32,0.26,0.21,0.11,2
G14 IN,0.06,0.0,0.0,0.04,0.11,0.28,0.19,0.17,0.21,0.28,0.32,0.36,0.38,0.42,0.58,0.92,0.75,0.57,0.62,0.45,0.15,0.06,0.0,0.0,0.04,0.11,0.28,0.19,0.17,0.19,0.28,0.32,0.36,0.38,0.53,0.68,0.87,0.66,0.49,0.55,0.42,0.13,0.06,0.0,0.0,0.04,0.09,0.26,0.17,0.15,0.19,0.25,0.32,0.38,0.38,0.43,0.6,0.92,0.74,0.58,0.66,0.51,0.17,0.06,0.0,0.0,0.04,0.11,0.28,0.19,0.17,0.19,0.26,0.34,0.38,0.4,0.45,0.64,0.96,0.77,0.6,0.72,0.55,0.17,0.11,0.0,0.0,0.04,0.11,0.28,0.21,0.19,0.21,0.3,0.36,0.42,0.43,0.51,0.68,1.0,0.81,0.66,0.77,0.72,0.26,0.09,0.0,0.0,0.04,0.06,0.11,0.15,0.19,0.25,0.32,0.43,0.51,0.57,0.62,0.74,0.72,0.64,0.62,0.68,0.55,0.23,0.06,0.0,0.0,0.04,0.06,0.09,0.13,0.17,0.23,0.28,0.38,0.47,0.53,0.55,0.62,0.6,0.53,0.51,0.55,0.4,0.15,1
G16 IN,0.04,0.0,0.0,0.02,0.09,0.22,0.15,0.11,0.12,0.17,0.18,0.21,0.2,0.23,0.39,0.99,0.72,0.39,0.34,0.26,0.09,0.02,0.0,0.0,0.02,0.09,0.23,0.15,0.11,0.12,0.17,0.2,0.2,0.21,0.38,0.57,0.88,0.6,0.32,0.3,0.24,0.09,0.04,0.0,0.0,0.02,0.07,0.22,0.13,0.1,0.12,0.16,0.18,0.2,0.2,0.23,0.4,0.94,0.63,0.35,0.35,0.27,0.11,0.04,0.0,0.0,0.02,0.09,0.23,0.15,0.11,0.12,0.18,0.2,0.22,0.21,0.26,0.43,1.0,0.71,0.39,0.39,0.3,0.11,0.06,0.0,0.0,0.02,0.09,0.23,0.15,0.12,0.13,0.2,0.21,0.23,0.21,0.26,0.44,0.99,0.68,0.38,0.38,0.34,0.15,0.05,0.0,0.0,0.02,0.04,0.07,0.1,0.1,0.12,0.17,0.2,0.21,0.2,0.23,0.29,0.27,0.21,0.2,0.24,0.21,0.12,0.02,0.0,0.0,0.02,0.04,0.06,0.07,0.09,0.11,0.13,0.16,0.18,0.17,0.17,0.21,0.18,0.16,0.17,0.17,0.13,0.06,2
G17 IN,0.02,0.0,0.0,0.02,0.1,0.24,0.14,0.14,0.14,0.19,0.21,0.19,0.21,0.26,0.43,0.98,0.79,0.4,0.38,0.26,0.07,0.02,0.0,0.0,0.02,0.1,0.24,0.17,0.12,0.14,0.19,0.21,0.21,0.21,0.38,0.6,0.86,0.64,0.36,0.33,0.24,0.07,0.02,0.0,0.0,0.02,0.07,0.21,0.14,0.12,0.14,0.19,0.19,0.19,0.19,0.24,0.43,0.93,0.69,0.4,0.36,0.4,0.17,0.05,0.0,0.0,0.02,0.1,0.24,0.14,0.14,0.14,0.21,0.21,0.24,0.24,0.29,0.45,1.0,0.76,0.43,0.45,0.33,0.29,0.05,0.0,0.0,0.02,0.1,0.24,0.17,0.14,0.17,0.21,0.21,0.21,0.24,0.29,0.43,1.0,0.71,0.38,0.43,0.45,0.26,0.02,0.0,0.0,0.02,0.05,0.1,0.1,0.12,0.21,0.24,0.21,0.24,0.24,0.26,0.38,0.33,0.26,0.24,0.33,0.6,0.48,0.02,0.0,0.0,0.02,0.05,0.07,0.1,0.1,0.14,0.19,0.19,0.21,0.24,0.24,0.31,0.29,0.24,0.33,0.21,0.24,0.07,2
G18 IN,0.02,0.0,0.0,0.05,0.2,0.44,0.27,0.17,0.2,0.22,0.24,0.24,0.24,0.29,0.49,0.98,0.76,0.39,0.32,0.24,0.1,0.02,0.0,0.0,0.05,0.2,0.46,0.27,0.17,0.17,0.22,0.24,0.24,0.24,0.41,0.66,0.88,0.63,0.34,0.29,0.22,0.07,0.02,0.0,0.0,0.05,0.17,0.41,0.24,0.17,0.17,0.22,0.22,0.24,0.24,0.27,0.49,0.93,0.66,0.34,0.32,0.24,0.1,0.02,0.0,0.0,0.05,0.2,0.46,0.27,0.17,0.2,0.22,0.24,0.27,0.24,0.29,0.51,1.0,0.76,0.39,0.34,0.27,0.1,0.05,0.0,0.0,0.05,0.2,0.46,0.24,0.2,0.22,0.24,0.27,0.27,0.24,0.29,0.54,1.0,0.73,0.39,0.34,0.29,0.15,0.02,0.0,0.0,0.05,0.1,0.15,0.17,0.2,0.22,0.24,0.29,0.29,0.27,0.32,0.41,0.39,0.27,0.24,0.24,0.2,0.12,0.02,0.0,0.0,0.02,0.07,0.12,0.15,0.17,0.2,0.2,0.22,0.24,0.24,0.24,0.32,0.29,0.22,0.2,0.2,0.17,0.07,2
G19 IN,0.06,0.0,0.0,0.08,0.33,0.97,0.42,0.22,0.22,0.22,0.25,0.22,0.22,0.22,0.36,0.81,0.89,0.56,0.44,0.36,0.19,0.06,0.0,0.0,0.06,0.33,1.0,0.42,0.22,0.22,0.22,0.25,0.22,0.22,0.31,0.53,0.75,0.75,0.44,0.39,0.31,0.17,0.06,0.0,0.0,0.06,0.28,0.83,0.39,0.19,0.19,0.22,0.25,0.22,0.22,0.25,0.36,0.81,0.81,0.5,0.44,0.36,0.22,0.06,0.0,0.0,0.06,0.33,0.97,0.44,0.22,0.22,0.22,0.28,0.22,0.22,0.25,0.39,0.86,0.89,0.53,0.5,0.44,0.22,0.08,0.0,0.0,0.06,0.31,0.94,0.44,0.25,0.25,0.25,0.28,0.25,0.25,0.25,0.39,0.89,0.92,0.56,0.56,0.5,0.31,0.08,0.0,0.0,0.06,0.14,0.22,0.25,0.25,0.31,0.31,0.33,0.28,0.28,0.31,0.39,0.42,0.42,0.47,0.53,0.47,0.31,0.06,0.0,0.0,0.03,0.08,0.17,0.19,0.19,0.25,0.25,0.28,0.25,0.28,0.28,0.33,0.36,0.36,0.44,0.47,0.39,0.22,3
O01 IN,0.02,0.0,0.0,0.12,0.39,0.97,0.42,0.22,0.19,0.15,0.17,0.14,0.12,0.1,0.15,0.17,0.14,0.08,0.07,0.05,0.03,0.02,0.0,0.0,0.12,0.41,1.0,0.44,0.24,0.17,0.15,0.17,0.14,0.1,0.12,0.15,0.15,0.1,0.07,0.05,0.05,0.02,0.02,0.0,0.0,0.1,0.34,0.83,0.39,0.2,0.17,0.17,0.19,0.15,0.1,0.12,0.15,0.17,0.12,0.07,0.07,0.05,0.03,0.02,0.0,0.0,0.1,0.39,0.98,0.46,0.24,0.17,0.17,0.19,0.14,0.12,0.12,0.15,0.19,0.14,0.07,0.07,0.07,0.03,0.02,0.0,0.0,0.1,0.39,0.98,0.46,0.24,0.19,0.17,0.19,0.15,0.12,0.12,0.17,0.2,0.15,0.1,0.07,0.07,0.03,0.02,0.0,0.0,0.08,0.15,0.25,0.27,0.27,0.29,0.25,0.25,0.22,0.17,0.17,0.2,0.22,0.12,0.08,0.08,0.07,0.03,0.02,0.0,0.0,0.07,0.12,0.19,0.22,0.24,0.25,0.22,0.22,0.22,0.17,0.15,0.17,0.15,0.12,0.08,0.07,0.05,0.03,0
O02 IN,0.0,0.0,0.0,0.1,0.4,0.97,0.48,0.25,0.21,0.19,0.21,0.16,0.13,0.13,0.17,0.25,0.22,0.11,0.08,0.06,0.03,0.0,0.0,0.0,0.1,0.4,1.0,0.49,0.25,0.21,0.19,0.19,0.14,0.13,0.14,0.19,0.24,0.19,0.1,0.06,0.05,0.02,0.0,0.0,0.0,0.08,0.33,0.84,0.43,0.24,0.19,0.19,0.21,0.17,0.13,0.13,0.17,0.24,0.19,0.1,0.08,0.06,0.03,0.0,0.0,0.0,0.1,0.38,0.98,0.51,0.25,0.21,0.21,0.21,0.16,0.13,0.13,0.19,0.27,0.22,0.11,0.08,0.06,0.03,0.02,0.0,0.0,0.1,0.4,0.97,0.51,0.27,0.22,0.21,0.21,0.17,0.14,0.14,0.22,0.3,0.25,0.13,0.1,0.08,0.03,0.02,0.0,0.0,0.06,0.14,0.25,0.29,0.29,0.32,0.29,0.29,0.24,0.19,0.21,0.22,0.22,0.14,0.1,0.1,0.08,0.03,0.02,0.0,0.0,0.05,0.11,0.19,0.25,0.24,0.29,0.24,0.24,0.21,0.17,0.16,0.19,0.17,0.11,0.1,0.08,0.06,0.03,0
O03 IN,0.02,0.0,0.0,0.09,0.35,0.97,0.48,0.25,0.2,0.18,0.23,0.17,0.14,0.14,0.18,0.22,0.15,0.09,0.09,0.08,0.03,0.0,0.0,0.0,0.09,0.37,1.0,0.49,0.26,0.2,0.18,0.22,0.17,0.12,0.14,0.18,0.2,0.14,0.09,0.09,0.06,0.03,0.02,0.0,0.0,0.08,0.31,0.85,0.42,0.23,0.2,0.2,0.23,0.18,0.14,0.14,0.18,0.22,0.14,0.11,0.09,0.08,0.03,0.02,0.0,0.0,0.09,0.35,0.98,0.51,0.26,0.22,0.2,0.22,0.18,0.14,0.15,0.2,0.23,0.17,0.11,0.11,0.09,0.03,0.02,0.0,0.0,0.09,0.35,0.97,0.49,0.26,0.22,0.2,0.22,0.2,0.15,0.15,0.22,0.28,0.2,0.12,0.14,0.11,0.05,0.02,0.0,0.0,0.06,0.14,0.23,0.26,0.26,0.31,0.28,0.31,0.25,0.2,0.22,0.25,0.23,0.15,0.12,0.11,0.09,0.05,0.02,0.0,0.0,0.05,0.09,0.18,0.22,0.23,0.26,0.23,0.26,0.23,0.2,0.17,0.2,0.17,0.12,0.11,0.09,0.06,0.03,0
O04 IN,0.01,0.0,0.0,0.1,0.38,0.97,0.51,0.28,0.23,0.22,0.24,0.21,0.17,0.17,0.22,0.26,0.18,0.13,0.13,0.1,0.04,0.01,0.0,0.0,0.1,0.4,1.0,0.55,0.28,0.23,0.22,0.23,0.19,0.15,0.18,0.22,0.23,0.17,0.1,0.1,0.09,0.04,0.01,0.0,0.0,0.09,0.33,0.85,0.45,0.27,0.22,0.22,0.24,0.21,0.17,0.17,0.22,0.26,0.17,0.13,0.12,0.1,0.05,0.01,0.0,0.0,0.1,0.38,0.99,0.54,0.28,0.24,0.22,0.26,0.21,0.17,0.17,0.23,0.27,0.19,0.13,0.13,0.12,0.05,0.03,0.0,0.0,0.1,0.38,0.99,0.54,0.29,0.26,0.23,0.26,0.22,0.18,0.18,0.26,0.31,0.23,0.15,0.15,0.14,0.06,0.03,0.0,0.0,0.08,0.15,0.26,0.33,0.32,0.35,0.33,0.35,0.29,0.23,0.23,0.28,0.27,0.18,0.17,0.17,0.14,0.06,0.01,0.0,0.0,0.06,0.12,0.21,0.26,0.27,0.31,0.28,0.29,0.27,0.22,0.21,0.23,0.19,0.15,0.14,0.13,0.1,0.04,0
O05 IN,0.04,0.0,0.0,0.07,0.27,0.67,0.4,0.27,0.27,0.36,0.38,0.33,0.33,0.42,0.67,0.93,0.64,0.42,0.4,0.38,0.11,0.02,0.0,0.0,0.07,0.27,0.69,0.42,0.27,0.27,0.38,0.4,0.33,0.36,0.56,0.73,0.82,0.53,0.36,0.36,0.33,0.11,0.04,0.0,0.0,0.04,0.24,0.64,0.38,0.24,0.24,0.36,0.38,0.33,0.33,0.42,0.71,0.89,0.6,0.4,0.44,0.4,0.11,0.04,0.0,0.0,0.07,0.27,0.67,0.44,0.27,0.27,0.38,0.4,0.36,0.36,0.4,0.76,0.98,0.64,0.42,0.47,0.42,0.13,0.07,0.0,0.0,0.07,0.27,0.67,0.42,0.29,0.29,0.38,0.4,0.36,0.38,0.44,0.73,1.0,0.67,0.42,0.47,0.44,0.16,0.07,0.0,0.0,0.07,0.11,0.22,0.27,0.29,0.36,0.44,0.47,0.4,0.4,0.44,0.6,0.51,0.36,0.29,0.31,0.31,0.11,0.02,0.0,0.0,0.04,0.09,0.18,0.2,0.22,0.27,0.36,0.36,0.36,0.33,0.36,0.44,0.38,0.29,0.24,0.22,0.18,0.09,1
O06 IN,0.03,0.0,0.0,0.06,0.18,0.45,0.33,0.24,0.27,0.36,0.39,0.39,0.36,0.42,0.67,0.97,0.64,0.45,0.45,0.36,0.12,0.03,0.0,0.0,0.06,0.18,0.48,0.36,0.27,0.3,0.36,0.42,0.39,0.36,0.58,0.7,0.85,0.58,0.39,0.39,0.33,0.12,0.03,0.0,0.0,0.03,0.18,0.45,0.3,0.21,0.27,0.33,0.39,0.39,0.36,0.42,0.64,0.88,0.61,0.42,0.48,0.39,0.15,0.03,0.0,0.0,0.03,0.18,0.48,0.33,0.24,0.3,0.36,0.42,0.39,0.36,0.45,0.7,0.97,0.67,0.48,0.52,0.39,0.15,0.06,0.0,0.0,0.06,0.18,0.48,0.36,0.27,0.33,0.39,0.48,0.45,0.39,0.48,0.73,1.0,0.67,0.52,0.61,0.52,0.21,0.06,0.0,0.0,0.03,0.09,0.18,0.24,0.3,0.39,0.45,0.55,0.58,0.52,0.55,0.67,0.64,0.52,0.48,0.48,0.39,0.15,0.03,0.0,0.0,0.03,0.09,0.15,0.21,0.27,0.36,0.42,0.48,0.55,0.52,0.48,0.58,0.55,0.45,0.42,0.42,0.3,0.12,1
O08 IN,0.02,0.0,0.0,0.01,0.04,0.13,0.11,0.1,0.12,0.16,0.17,0.19,0.18,0.21,0.37,1.0,0.66,0.32,0.26,0.19,0.07,0.02,0.0,0.0,0.01,0.04,0.14,0.1,0.1,0.12,0.16,0.17,0.19,0.2,0.39,0.49,0.88,0.54,0.27,0.22,0.18,0.07,0.02,0.0,0.0,0.01,0.04,0.12,0.09,0.09,0.11,0.14,0.17,0.19,0.18,0.21,0.37,0.96,0.57,0.29,0.26,0.21,0.08,0.02,0.0,0.0,0.01,0.04,0.13,0.11,0.1,0.12,0.16,0.18,0.2,0.19,0.21,0.38,1.0,0.64,0.32,0.28,0.26,0.09,0.04,0.0,0.0,0.01,0.04,0.13,0.11,0.1,0.14,0.2,0.2,0.21,0.19,0.22,0.39,0.98,0.62,0.31,0.29,0.27,0.11,0.03,0.0,0.0,0.01,0.03,0.06,0.07,0.08,0.09,0.13,0.16,0.17,0.16,0.2,0.23,0.2,0.18,0.17,0.18,0.14,0.07,0.01,0.0,0.0,0.01,0.02,0.04,0.07,0.08,0.09,0.11,0.12,0.14,0.14,0.13,0.16,0.16,0.13,0.12,0.12,0.09,0.04,2
O09 IN,0.04,0.0,0.0,0.04,0.13,0.3,0.21,0.15,0.19,0.25,0.26,0.26,0.23,0.26,0.42,0.96,0.72,0.4,0.28,0.19,0.08,0.04,0.0,0.0,0.04,0.13,0.3,0.21,0.15,0.19,0.25,0.25,0.25,0.25,0.43,0.57,0.85,0.58,0.32,0.26,0.19,0.08,0.04,0.0,0.0,0.02,0.11,0.28,0.17,0.13,0.17,0.21,0.23,0.25,0.23,0.26,0.42,0.91,0.62,0.36,0.3,0.21,0.08,0.04,0.0,0.0,0.04,0.13,0.3,0.21,0.17,0.19,0.25,0.26,0.26,0.25,0.28,0.45,1.0,0.7,0.38,0.32,0.23,0.09,0.06,0.0,0.0,0.04,0.13,0.3,0.21,0.17,0.23,0.26,0.28,0.28,0.26,0.3,0.45,0.96,0.7,0.38,0.34,0.26,0.13,0.04,0.0,0.0,0.04,0.06,0.11,0.15,0.19,0.21,0.26,0.28,0.3,0.28,0.32,0.38,0.34,0.26,0.23,0.23,0.17,0.09,0.04,0.0,0.0,0.04,0.06,0.09,0.13,0.17,0.21,0.23,0.25,0.26,0.28,0.26,0.3,0.26,0.21,0.19,0.17,0.11,0.06,2
O10 IN,0.04,0.0,0.0,0.08,0.24,0.6,0.36,0.28,0.28,0.28,0.28,0.28,0.28,0.32,0.48,0.96,0.72,0.44,0.36,0.32,0.12,0.04,0.0,0.0,0.08,0.24,0.64,0.36,0.28,0.24,0.28,0.28,0.24,0.28,0.48,0.56,0.84,0.64,0.36,0.32,0.28,0.12,0.08,0.0,0.0,0.08,0.24,0.56,0.32,0.24,0.24,0.28,0.28,0.28,0.28,0.32,0.48,0.92,0.64,0.4,0.4,0.32,0.16,0.08,0.0,0.0,0.08,0.28,0.6,0.4,0.28,0.24,0.32,0.32,0.28,0.28,0.36,0.56,1.0,0.72,0.44,0.4,0.36,0.16,0.12,0.0,0.0,0.12,0.24,0.6,0.4,0.28,0.24,0.32,0.32,0.28,0.32,0.36,0.52,0.96,0.72,0.44,0.44,0.4,0.24,0.08,0.0,0.0,0.08,0.16,0.24,0.28,0.28,0.32,0.36,0.36,0.36,0.32,0.36,0.44,0.44,0.36,0.32,0.32,0.32,0.2,0.04,0.0,0.0,0.08,0.12,0.2,0.24,0.28,0.28,0.32,0.32,0.32,0.32,0.32,0.36,0.4,0.28,0.28,0.28,0.24,0.12,2
O11 IN,0.03,0.0,0.0,0.08,0.21,0.38,0.26,0.23,0.21,0.28,0.28,0.26,0.26,0.31,0.51,0.95,0.67,0.38,0.33,0.26,0.1,0.03,0.0,0.0,0.08,0.21,0.41,0.26,0.21,0.21,0.26,0.28,0.26,0.28,0.46,0.59,0.85,0.56,0.33,0.28,0.23,0.08,0.05,0.0,0.0,0.05,0.18,0.38,0.23,0.18,0.21,0.26,0.28,0.26,0.26,0.31,0.51,0.9,0.59,0.36,0.33,0.28,0.1,0.03,0.0,0.0,0.08,0.21,0.41,0.28,0.23,0.23,0.28,0.28,0.26,0.28,0.33,0.54,1.0,0.64,0.41,0.33,0.28,0.1,0.05,0.0,0.0,0.08,0.21,0.41,0.28,0.23,0.26,0.28,0.31,0.28,0.28,0.33,0.54,1.0,0.69,0.46,0.38,0.31,0.13,0.05,0.0,0.0,0.08,0.13,0.18,0.23,0.26,0.28,0.33,0.33,0.31,0.28,0.33,0.44,0.41,0.31,0.28,0.26,0.21,0.1,0.03,0.0,0.0,0.05,0.1,0.15,0.18,0.23,0.28,0.28,0.31,0.31,0.28,0.33,0.41,0.41,0.33,0.28,0.26,0.18,0.1,2
O12 IN,0.06,0.0,0.0,0.12,0.5,1.0,0.56,0.37,0.37,0.37,0.37,0.37,0.31,0.44,0.56,0.87,0.62,0.37,0.31,0.25,0.12,0.0,0.0,0.0,0.12,0.44,1.0,0.62,0.37,0.31,0.37,0.31,0.31,0.37,0.5,0.62,0.81,0.56,0.31,0.25,0.19,0.06,0.06,0.0,0.0,0.06,0.37,0.94,0.5,0.37,0.31,0.37,0.37,0.31,0.31,0.37,0.56,0.87,0.56,0.37,0.31,0.25,0.12,0.06,0.0,0.0,0.12,0.44,1.0,0.62,0.37,0.37,0.37,0.37,0.31,0.31,0.44,0.62,0.94,0.69,0.44,0.37,0.25,0.12,0.06,0.0,0.0,0.12,0.44,1.0,0.62,0.44,0.37,0.44,0.37,0.37,0.37,0.44,0.69,1.0,0.81,0.62,0.5,0.37,0.19,0.06,0.0,0.0,0.06,0.19,0.37,0.44,0.5,0.56,0.56,0.56,0.5,0.44,0.5,0.62,0.62,0.56,0.44,0.37,0.31,0.19,0.06,0.0,0.0,0.06,0.12,0.25,0.37,0.37,0.5,0.44,0.44,0.37,0.44,0.44,0.5,0.56,0.5,0.5,0.5,0.37,0.19,3
O13 IN,0.05,0.0,0.0,0.11,0.37,0.95,0.47,0.26,0.21,0.21,0.26,0.21,0.21,0.21,0.26,0.32,0.26,0.21,0.21,0.16,0.11,0.05,0.0,0.0,0.11,0.42,1.0,0.47,0.26,0.21,0.21,0.26,0.21,0.21,0.21,0.26,0.26,0.21,0.16,0.16,0.16,0.05,0.05,0.0,0.0,0.11,0.32,0.84,0.42,0.26,0.21,0.21,0.26,0.21,0.21,0.21,0.26,0.32,0.26,0.16,0.21,0.16,0.11,0.05,0.0,0.0,0.11,0.37,0.95,0.47,0.26,0.21,0.21,0.26,0.21,0.21,0.21,0.26,0.32,0.26,0.21,0.21,0.16,0.11,0.05,0.0,0.0,0.11,0.37,0.95,0.47,0.32,0.26,0.26,0.26,0.21,0.21,0.21,0.32,0.37,0.26,0.21,0.26,0.26,0.11,0.05,0.0,0.0,0.11,0.16,0.26,0.32,0.32,0.37,0.32,0.37,0.32,0.26,0.32,0.37,0.32,0.26,0.26,0.26,0.26,0.16,0.05,0.0,0.0,0.05,0.11,0.21,0.26,0.26,0.32,0.26,0.32,0.26,0.26,0.26,0.26,0.26,0.21,0.26,0.21,0.16,0.11,0
O14 IN,0.0,0.0,0.0,0.09,0.41,1.0,0.45,0.23,0.18,0.23,0.23,0.18,0.14,0.14,0.27,0.27,0.18,0.09,0.09,0.09,0.05,0.0,0.0,0.0,0.09,0.41,1.0,0.45,0.23,0.18,0.23,0.18,0.18,0.14,0.18,0.27,0.23,0.14,0.09,0.09,0.09,0.05,0.0,0.0,0.0,0.09,0.36,0.86,0.41,0.23,0.18,0.18,0.23,0.18,0.14,0.14,0.23,0.23,0.18,0.09,0.09,0.09,0.05,0.0,0.0,0.0,0.09,0.41,1.0,0.45,0.27,0.18,0.23,0.23,0.18,0.14,0.18,0.27,0.32,0.18,0.09,0.09,0.09,0.05,0.0,0.0,0.0,0.09,0.41,1.0,0.45,0.27,0.23,0.23,0.23,0.18,0.14,0.18,0.27,0.32,0.23,0.14,0.14,0.09,0.05,0.0,0.0,0.0,0.05,0.14,0.23,0.27,0.27,0.27,0.27,0.32,0.23,0.23,0.23,0.27,0.23,0.14,0.09,0.09,0.09,0.05,0.0,0.0,0.0,0.05,0.14,0.18,0.23,0.23,0.27,0.23,0.23,0.23,0.18,0.18,0.27,0.23,0.14,0.09,0.09,0.09,0.05,0
O15 IN,0.0,0.0,0.0,0.08,0.42,0.92,0.42,0.25,0.17,0.25,0.25,0.17,0.17,0.17,0.25,0.42,0.25,0.17,0.17,0.17,0.08,0.0,0.0,0.0,0.08,0.42,1.0,0.5,0.25,0.17,0.25,0.25,0.17,0.17,0.25,0.33,0.42,0.25,0.17,0.17,0.08,0.08,0.0,0.0,0.0,0.08,0.33,0.83,0.42,0.17,0.17,0.25,0.25,0.17,0.17,0.17,0.25,0.33,0.25,0.17,0.17,0.17,0.08,0.0,0.0,0.0,0.08,0.33,0.92,0.42,0.25,0.25,0.25,0.25,0.17,0.17,0.17,0.25,0.42,0.33,0.17,0.17,0.17,0.08,0.08,0.0,0.0,0.08,0.42,0.92,0.42,0.25,0.25,0.25,0.25,0.17,0.17,0.25,0.33,0.5,0.33,0.25,0.17,0.17,0.08,0.08,0.0,0.0,0.08,0.17,0.25,0.33,0.33,0.33,0.33,0.33,0.25,0.25,0.33,0.33,0.33,0.33,0.25,0.17,0.17,0.08,0.0,0.0,0.0,0.08,0.17,0.17,0.25,0.25,0.33,0.33,0.33,0.33,0.25,0.25,0.33,0.33,0.25,0.25,0.17,0.17,0.08,0
O16 IN,0.0,0.0,0.0,0.0,0.17,0.42,0.17,0.08,0.08,0.08,0.17,0.08,0.17,0.17,0.33,1.0,0.58,0.25,0.17,0.08,0.0,0.0,0.0,0.0,0.0,0.17,0.42,0.17,0.17,0.08,0.08,0.17,0.17,0.17,0.33,0.5,0.83,0.5,0.17,0.08,0.08,0.0,0.0,0.0,0.0,0.0,0.17,0.33,0.17,0.08,0.08,0.08,0.17,0.08,0.08,0.17,0.33,0.75,0.5,0.17,0.08,0.08,0.0,0.0,0.0,0.0,0.0,0.17,0.42,0.17,0.17,0.08,0.17,0.17,0.08,0.17,0.17,0.42,1.0,0.58,0.25,0.17,0.17,0.08,0.0,0.0,0.0,0.0,0.17,0.42,0.17,0.17,0.17,0.17,0.17,0.17,0.17,0.17,0.42,1.0,0.67,0.25,0.17,0.08,0.0,0.0,0.0,0.0,0.0,0.08,0.08,0.08,0.08,0.17,0.17,0.17,0.17,0.17,0.17,0.17,0.17,0.17,0.08,0.08,0.08,0.0,0.0,0.0,0.0,0.0,0.08,0.08,0.08,0.08,0.17,0.17,0.08,0.08,0.08,0.17,0.17,0.17,0.08,0.08,0.08,0.08,0.0,2
O17 IN,0.0,0.0,0.0,0.09,0.36,0.91,0.36,0.18,0.18,0.18,0.18,0.18,0.18,0.18,0.36,0.45,0.27,0.18,0.09,0.09,0.0,0.0,0.0,0.0,0.09,0.36,1.0,0.36,0.27,0.18,0.18,0.18,0.18,0.18,0.18,0.36,0.45,0.27,0.18,0.09,0.09,0.0,0.0,0.0,0.0,0.09,0.27,0.82,0.36,0.18,0.18,0.18,0.18,0.18,0.18,0.18,0.36,0.45,0.27,0.18,0.09,0.09,0.0,0.0,0.0,0.0,0.09,0.36,0.91,0.36,0.18,0.18,0.18,0.18,0.18,0.18,0.18,0.36,0.55,0.27,0.18,0.18,0.09,0.0,0.0,0.0,0.0,0.09,0.36,0.91,0.36,0.27,0.18,0.18,0.18,0.18,0.18,0.18,0.36,0.55,0.36,0.18,0.18,0.18,0.09,0.0,0.0,0.0,0.09,0.18,0.18,0.27,0.27,0.27,0.27,0.27,0.18,0.27,0.27,0.27,0.27,0.18,0.18,0.18,0.18,0.09,0.0,0.0,0.0,0.0,0.09,0.18,0.18,0.18,0.27,0.27,0.27,0.27,0.27,0.27,0.27,0.27,0.18,0.18,0.18,0.09,0.09,0
O18 IN,0.0,0.0,0.0,0.08,0.42,0.96,0.38,0.19,0.19,0.19,0.19,0.15,0.12,0.15,0.19,0.23,0.15,0.12,0.12,0.12,0.04,0.0,0.0,0.0,0.08,0.42,1.0,0.38,0.19,0.15,0.15,0.15,0.12,0.12,0.15,0.19,0.19,0.12,0.08,0.12,0.12,0.04,0.0,0.0,0.0,0.08,0.35,0.81,0.35,0.19,0.15,0.15,0.15,0.15,0.12,0.15,0.15,0.19,0.15,0.12,0.15,0.19,0.04,0.04,0.0,0.0,0.08,0.38,1.0,0.42,0.23,0.19,0.15,0.19,0.15,0.12,0.15,0.19,0.23,0.15,0.12,0.15,0.15,0.08,0.04,0.0,0.0,0.08,0.38,1.0,0.42,0.23,0.19,0.19,0.19,0.15,0.12,0.15,0.23,0.27,0.19,0.15,0.19,0.27,0.15,0.04,0.0,0.0,0.04,0.15,0.23,0.27,0.23,0.27,0.27,0.27,0.19,0.19,0.19,0.23,0.27,0.19,0.19,0.35,0.42,0.15,0.04,0.0,0.0,0.04,0.08,0.15,0.19,0.23,0.23,0.23,0.23,0.19,0.19,0.15,0.19,0.19,0.15,0.15,0.27,0.35,0.08,0
O19 IN,0.0,0.0,0.0,0.14,0.43,1.0,0.5,0.29,0.29,0.36,0.36,0.29,0.29,0.43,0.5,0.57,0.36,0.21,0.21,0.21,0.07,0.0,0.0,0.0,0.07,0.43,1.0,0.5,0.29,0.21,0.29,0.29,0.29,0.29,0.36,0.57,0.5,0.29,0.14,0.14,0.14,0.07,0.0,0.0,0.0,0.07,0.36,0.86,0.43,0.21,0.21,0.29,0.29,0.29,0.21,0.29,0.5,0.5,0.29,0.14,0.14,0.21,0.07,0.0,0.0,0.0,0.07,0.36,1.0,0.5,0.29,0.29,0.36,0.36,0.29,0.29,0.29,0.57,0.57,0.36,0.21,0.21,0.29,0.14,0.0,0.0,0.0,0.07,0.36,1.0,0.5,0.29,0.29,0.29,0.36,0.29,0.21,0.29,0.5,0.57,0.36,0.21,0.21,0.21,0.07,0.0,0.0,0.0,0.07,0.14,0.29,0.29,0.36,0.36,0.43,0.43,0.36,0.29,0.29,0.36,0.36,0.29,0.21,0.21,0.14,0.07,0.0,0.0,0.0,0.07,0.14,0.21,0.29,0.36,0.36,0.36,0.36,0.36,0.29,0.29,0.29,0.29,0.21,0.21,0.14,0.14,0.07,3
O20 IN,0.0,0.0,0.0,0.08,0.44,0.96,0.44,0.24,0.2,0.16,0.16,0.12,0.08,0.08,0.16,0.2,0.12,0.08,0.04,0.04,0.04,0.0,0.0,0.0,0.08,0.44,1.0,0.44,0.24,0.16,0.16,0.16,0.12,0.08,0.08,0.16,0.2,0.08,0.04,0.04,0.04,0.04,0.0,0.0,0.0,0.08,0.36,0.8,0.4,0.2,0.16,0.16,0.2,0.16,0.12,0.08,0.16,0.2,0.12,0.08,0.04,0.04,0.04,0.0,0.0,0.0,0.08,0.44,0.96,0.48,0.24,0.2,0.16,0.2,0.12,0.08,0.08,0.16,0.2,0.12,0.08,0.04,0.04,0.04,0.0,0.0,0.0,0.08,0.44,0.96,0.44,0.28,0.2,0.2,0.2,0.12,0.12,0.12,0.2,0.24,0.16,0.08,0.08,0.08,0.04,0.0,0.0,0.0,0.04,0.16,0.28,0.28,0.28,0.32,0.28,0.24,0.2,0.16,0.16,0.2,0.2,0.12,0.08,0.08,0.08,0.04,0.0,0.0,0.0,0.04,0.12,0.2,0.24,0.24,0.28,0.24,0.24,0.2,0.16,0.16,0.16,0.16,0.12,0.08,0.08,0.04,0.04,0
O21 IN,0.0,0.0,0.0,0.07,0.48,1.0,0.41,0.22,0.15,0.19,0.15,0.15,0.11,0.11,0.15,0.19,0.11,0.07,0.04,0.04,0.04,0.0,0.0,0.0,0.07,0.48,1.0,0.41,0.22,0.15,0.15,0.15,0.11,0.07,0.11,0.15,0.19,0.11,0.04,0.04,0.04,0.04,0.0,0.0,0.0,0.07,0.41,0.81,0.33,0.19,0.15,0.15,0.15,0.11,0.07,0.11,0.15,0.19,0.11,0.07,0.04,0.04,0.04,0.0,0.0,0.0,0.07,0.48,1.0,0.41,0.22,0.15,0.15,0.15,0.11,0.11,0.11,0.15,0.19,0.11,0.07,0.07,0.04,0.04,0.0,0.0,0.0,0.07,0.48,0.96,0.41,0.22,0.19,0.15,0.15,0.15,0.11,0.11,0.15,0.22,0.15,0.07,0.07,0.07,0.04,0.0,0.0,0.0,0.04,0.15,0.22,0.26,0.26,0.3,0.22,0.22,0.19,0.15,0.15,0.15,0.19,0.11,0.07,0.07,0.07,0.04,0.0,0.0,0.0,0.04,0.11,0.19,0.22,0.22,0.26,0.22,0.19,0.15,0.15,0.15,0.15,0.11,0.11,0.07,0.07,0.07,0.04,0
O50 IN,0.0,0.0,0.0,0.1,0.41,0.97,0.45,0.24,0.17,0.17,0.21,0.17,0.14,0.14,0.17,0.21,0.14,0.1,0.1,0.1,0.03,0.0,0.0,0.0,0.1,0.41,1.0,0.45,0.24,0.17,0.17,0.21,0.14,0.14,0.14,0.14,0.17,0.14,0.1,0.1,0.07,0.03,0.0,0.0,0.0,0.1,0.34,0.83,0.38,0.24,0.17,0.17,0.21,0.17,0.14,0.14,0.17,0.21,0.14,0.1,0.1,0.07,0.03,0.0,0.0,0.0,0.1,0.41,0.97,0.45,0.24,0.21,0.17,0.21,0.17,0.14,0.14,0.17,0.21,0.14,0.1,0.1,0.07,0.03,0.03,0.0,0.0,0.1,0.38,0.97,0.45,0.28,0.21,0.17,0.21,0.17,0.14,0.14,0.17,0.24,0.17,0.14,0.14,0.1,0.07,0.03,0.0,0.0,0.07,0.17,0.24,0.28,0.28,0.31,0.28,0.31,0.24,0.21,0.21,0.24,0.21,0.14,0.14,0.14,0.1,0.07,0.03,0.0,0.0,0.07,0.1,0.21,0.24,0.24,0.28,0.24,0.24,0.24,0.21,0.17,0.17,0.17,0.14,0.1,0.1,0.1,0.03,0
O51 IN,0.0,0.0,0.0,0.12,0.41,1.0,0.44,0.25,0.19,0.19,0.19,0.12,0.09,0.12,0.16,0.19,0.12,0.06,0.06,0.06,0.03,0.0,0.0,0.0,0.09,0.41,1.0,0.44,0.25,0.19,0.19,0.19,0.12,0.09,0.12,0.16,0.16,0.09,0.06,0.06,0.03,0.03,0.0,0.0,0.0,0.09,0.34,0.87,0.37,0.22,0.19,0.16,0.19,0.16,0.12,0.12,0.16,0.19,0.12,0.06,0.06,0.06,0.03,0.0,0.0,0.0,0.12,0.41,1.0,0.47,0.25,0.19,0.19,0.19,0.16,0.12,0.12,0.16,0.19,0.12,0.06,0.06,0.06,0.03,0.03,0.0,0.0,0.09,0.41,1.0,0.44,0.25,0.19,0.19,0.19,0.16,0.12,0.12,0.19,0.25,0.16,0.09,0.06,0.06,0.03,0.03,0.0,0.0,0.06,0.16,0.25,0.28,0.31,0.31,0.28,0.25,0.22,0.19,0.19,0.22,0.19,0.12,0.09,0.09,0.09,0.03,0.0,0.0,0.0,0.06,0.12,0.19,0.22,0.25,0.28,0.22,0.22,0.19,0.16,0.16,0.16,0.16,0.09,0.09,0.06,0.06,0.03,0
O52 IN,0.0,0.0,0.0,0.1,0.35,0.97,0.42,0.23,0.19,0.19,0.19,0.16,0.13,0.13,0.16,0.19,0.13,0.1,0.06,0.06,0.03,0.0,0.0,0.0,0.1,0.35,1.0,0.42,0.23,0.19,0.16,0.19,0.16,0.13,0.13,0.16,0.16,0.13,0.06,0.06,0.06,0.03,0.0,0.0,0.0,0.06,0.29,0.84,0.35,0.19,0.16,0.16,0.19,0.16,0.13,0.13,0.16,0.19,0.13,0.06,0.06,0.06,0.03,0.0,0.0,0.0,0.1,0.35,0.97,0.42,0.23,0.19,0.19,0.19,0.16,0.13,0.13,0.16,0.19,0.13,0.1,0.1,0.06,0.03,0.03,0.0,0.0,0.1,0.35,0.97,0.42,0.26,0.19,0.19,0.19,0.16,0.13,0.16,0.19,0.23,0.16,0.1,0.13,0.1,0.03,0.03,0.0,0.0,0.06,0.13,0.23,0.26,0.29,0.29,0.26,0.29,0.23,0.19,0.19,0.19,0.23,0.13,0.13,0.13,0.1,0.03,0.0,0.0,0.0,0.03,0.1,0.19,0.23,0.23,0.26,0.23,0.23,0.23,0.19,0.16,0.19,0.16,0.13,0.1,0.1,0.06,0.03,0
O53 IN,0.0,0.0,0.0,0.12,0.41,0.94,0.41,0.25,0.19,0.19,0.19,0.16,0.12,0.09,0.16,0.16,0.09,0.06,0.06,0.06,0.03,0.0,0.0,0.0,0.09,0.41,1.0,0.44,0.25,0.19,0.19,0.19,0.16,0.09,0.09,0.16,0.16,0.09,0.06,0.06,0.03,0.03,0.0,0.0,0.0,0.09,0.34,0.84,0.37,0.22,0.19,0.16,0.19,0.16,0.12,0.12,0.16,0.16,0.09,0.06,0.06,0.06,0.03,0.0,0.0,0.0,0.09,0.37,1.0,0.44,0.25,0.19,0.19,0.19,0.16,0.12,0.12,0.19,0.19,0.12,0.06,0.06,0.06,0.03,0.0,0.0,0.0,0.09,0.37,1.0,0.44,0.28,0.19,0.19,0.19,0.16,0.12,0.12,0.19,0.22,0.16,0.09,0.06,0.06,0.03,0.0,0.0,0.0,0.06,0.16,0.25,0.28,0.28,0.31,0.28,0.28,0.19,0.19,0.16,0.19,0.19,0.12,0.09,0.09,0.06,0.03,0.0,0.0,0.0,0.06,0.12,0.19,0.22,0.25,0.28,0.25,0.25,0.19,0.16,0.16,0.16,0.12,0.09,0.06,0.06,0.06,0.03,0
O54 IN,0.0,0.0,0.0,0.08,0.42,1.0,0.42,0.24,0.18,0.16,0.18,0.13,0.11,0.11,0.13,0.16,0.11,0.05,0.05,0.05,0.03,0.0,0.0,0.0,0.08,0.42,1.0,0.45,0.24,0.18,0.16,0.16,0.13,0.11,0.11,0.13,0.13,0.08,0.05,0.05,0.03,0.03,0.0,0.0,0.0,0.08,0.34,0.84,0.39,0.21,0.18,0.16,0.18,0.13,0.11,0.11,0.13,0.13,0.11,0.05,0.05,0.05,0.03,0.0,0.0,0.0,0.11,0.42,1.0,0.47,0.26,0.18,0.18,0.18,0.16,0.11,0.11,0.16,0.16,0.11,0.05,0.05,0.05,0.03,0.0,0.0,0.0,0.08,0.42,1.0,0.45,0.26,0.21,0.18,0.18,0.16,0.11,0.13,0.16,0.21,0.13,0.08,0.05,0.05,0.03,0.0,0.0,0.0,0.05,0.13,0.24,0.26,0.29,0.29,0.26,0.26,0.21,0.18,0.16,0.18,0.18,0.13,0.08,0.08,0.05,0.03,0.0,0.0,0.0,0.05,0.11,0.18,0.21,0.21,0.26,0.21,0.21,0.18,0.16,0.13,0.16,0.13,0.08,0.08,0.08,0.05,0.03,0
R02 IN,0.05,0.0,0.0,0.05,0.29,0.67,0.33,0.19,0.19,0.19,0.24,0.19,0.19,0.24,0.43,0.95,0.95,0.48,0.29,0.24,0.14,0.05,0.0,0.0,0.05,0.29,0.67,0.33,0.24,0.19,0.19,0.24,0.19,0.24,0.38,0.57,0.86,0.76,0.38,0.29,0.24,0.1,0.05,0.0,0.0,0.05,0.24,0.57,0.29,0.19,0.19,0.19,0.24,0.19,0.19,0.24,0.43,0.95,0.76,0.43,0.29,0.24,0.1,0.05,0.0,0.0,0.05,0.29,0.67,0.33,0.24,0.19,0.24,0.24,0.19,0.24,0.24,0.43,1.0,0.9,0.48,0.33,0.29,0.14,0.05,0.0,0.0,0.05,0.24,0.67,0.33,0.24,0.24,0.24,0.24,0.24,0.24,0.29,0.48,1.0,0.9,0.48,0.33,0.29,0.19,0.05,0.0,0.0,0.05,0.14,0.24,0.24,0.24,0.29,0.29,0.33,0.29,0.24,0.29,0.38,0.38,0.38,0.33,0.29,0.29,0.14,0.05,0.0,0.0,0.05,0.1,0.19,0.19,0.24,0.29,0.29,0.29,0.24,0.24,0.24,0.33,0.38,0.33,0.29,0.24,0.19,0.1,2
R03 IN,0.03,0.0,0.0,0.02,0.08,0.17,0.09,0.08,0.11,0.19,0.22,0.25,0.3,0.34,0.48,0.89,0.7,0.42,0.36,0.33,0.09,0.02,0.0,0.0,0.02,0.08,0.17,0.11,0.08,0.09,0.14,0.17,0.19,0.23,0.34,0.47,0.72,0.55,0.33,0.31,0.28,0.09,0.03,0.0,0.0,0.02,0.06,0.16,0.09,0.06,0.09,0.12,0.16,0.19,0.2,0.23,0.39,0.77,0.58,0.36,0.33,0.34,0.11,0.03,0.0,0.0,0.02,0.06,0.17,0.11,0.08,0.09,0.16,0.19,0.2,0.23,0.28,0.45,0.81,0.66,0.39,0.39,0.37,0.12,0.05,0.0,0.0,0.02,0.06,0.17,0.11,0.08,0.11,0.22,0.25,0.3,0.36,0.39,0.58,1.0,0.72,0.39,0.39,0.41,0.17,0.05,0.0,0.0,0.02,0.05,0.06,0.08,0.09,0.14,0.23,0.31,0.37,0.48,0.55,0.62,0.62,0.44,0.37,0.41,0.44,0.19,0.03,0.0,0.0,0.02,0.03,0.06,0.08,0.08,0.12,0.2,0.3,0.36,0.44,0.52,0.56,0.56,0.41,0.34,0.34,0.34,0.09,2
R04 IN,0.03,0.0,0.0,0.07,0.17,0.43,0.27,0.2,0.2,0.2,0.23,0.23,0.23,0.27,0.43,0.97,0.83,0.43,0.4,0.3,0.13,0.03,0.0,0.0,0.03,0.17,0.43,0.27,0.2,0.2,0.23,0.23,0.23,0.23,0.4,0.6,0.87,0.67,0.37,0.33,0.27,0.13,0.07,0.0,0.0,0.03,0.17,0.4,0.23,0.17,0.17,0.23,0.23,0.23,0.23,0.27,0.43,0.93,0.73,0.4,0.37,0.3,0.13,0.07,0.0,0.0,0.07,0.17,0.43,0.27,0.2,0.2,0.23,0.27,0.27,0.27,0.27,0.43,1.0,0.8,0.43,0.43,0.33,0.17,0.1,0.0,0.0,0.07,0.17,0.43,0.27,0.2,0.2,0.23,0.27,0.27,0.27,0.3,0.47,1.0,0.8,0.43,0.47,0.43,0.23,0.1,0.0,0.0,0.03,0.1,0.17,0.17,0.2,0.23,0.27,0.3,0.3,0.3,0.3,0.33,0.37,0.3,0.3,0.37,0.33,0.17,0.03,0.0,0.0,0.03,0.1,0.13,0.17,0.17,0.2,0.2,0.23,0.27,0.23,0.23,0.27,0.27,0.27,0.23,0.27,0.23,0.13,2
R05 IN,0.03,0.0,0.0,0.03,0.16,0.43,0.3,0.19,0.24,0.35,0.3,0.27,0.35,0.41,0.65,1.0,0.68,0.41,0.38,0.3,0.11,0.03,0.0,0.0,0.03,0.16,0.43,0.3,0.22,0.22,0.35,0.32,0.27,0.43,0.57,0.73,0.89,0.57,0.32,0.35,0.3,0.08,0.03,0.0,0.0,0.03,0.14,0.41,0.27,0.16,0.22,0.32,0.3,0.24,0.3,0.35,0.65,0.92,0.62,0.38,0.38,0.35,0.11,0.03,0.0,0.0,0.03,0.14,0.43,0.32,0.22,0.24,0.35,0.35,0.27,0.35,0.38,0.68,1.0,0.68,0.41,0.43,0.38,0.11,0.05,0.0,0.0,0.03,0.14,0.43,0.3,0.27,0.32,0.41,0.35,0.3,0.32,0.41,0.76,1.0,0.68,0.38,0.43,0.41,0.14,0.05,0.0,0.0,0.03,0.08,0.14,0.16,0.19,0.24,0.3,0.35,0.3,0.32,0.38,0.49,0.41,0.3,0.22,0.27,0.27,0.11,0.03,0.0,0.0,0.03,0.05,0.11,0.14,0.16,0.19,0.32,0.27,0.24,0.27,0.27,0.43,0.32,0.22,0.16,0.19,0.16,0.05,2
R06 IN,0.0,0.0,0.0,0.08,0.25,0.58,0.33,0.33,0.33,0.42,0.33,0.25,0.42,0.42,0.75,0.83,0.58,0.33,0.25,0.25,0.08,0.0,0.0,0.0,0.08,0.25,0.58,0.42,0.25,0.33,0.42,0.33,0.25,0.42,0.5,0.75,0.75,0.5,0.33,0.25,0.25,0.08,0.0,0.0,0.0,0.08,0.25,0.5,0.33,0.25,0.25,0.33,0.33,0.33,0.42,0.42,0.67,0.83,0.58,0.33,0.33,0.25,0.08,0.0,0.0,0.0,0.08,0.25,0.58,0.42,0.25,0.33,0.42,0.42,0.25,0.42,0.42,0.75,0.92,0.58,0.33,0.33,0.25,0.08,0.08,0.0,0.0,0.08,0.25,0.58,0.42,0.33,0.33,0.42,0.5,0.42,0.42,0.42,0.83,0.92,0.58,0.42,0.42,0.33,0.17,0.0,0.0,0.0,0.08,0.17,0.25,0.33,0.42,0.5,0.58,0.67,0.67,0.67,0.83,0.92,0.92,0.58,0.33,0.33,0.25,0.08,0.0,0.0,0.0,0.08,0.08,0.17,0.25,0.33,0.58,0.58,0.58,0.67,0.67,0.83,1.0,0.75,0.5,0.33,0.25,0.17,0.08,1
R09 IN,0.03,0.0,0.0,0.03,0.08,0.16,0.24,0.35,0.43,0.43,0.38,0.43,0.49,0.51,0.86,1.0,0.59,0.35,0.3,0.3,0.11,0.03,0.0,0.0,0.03,0.05,0.16,0.22,0.35,0.46,0.43,0.38,0.43,0.51,0.7,0.95,0.86,0.49,0.3,0.27,0.27,0.08,0.03,0.0,0.0,0.03,0.05,0.14,0.19,0.32,0.41,0.41,0.35,0.41,0.46,0.54,0.86,0.97,0.54,0.32,0.32,0.32,0.08,0.03,0.0,0.0,0.03,0.05,0.14,0.22,0.35,0.43,0.43,0.38,0.43,0.49,0.54,0.89,1.0,0.57,0.35,0.35,0.35,0.11,0.03,0.0,0.0,0.03,0.05,0.16,0.22,0.35,0.46,0.49,0.41,0.41,0.49,0.54,0.89,0.95,0.54,0.32,0.35,0.35,0.11,0.03,0.0,0.0,0.03,0.03,0.05,0.08,0.14,0.16,0.22,0.22,0.22,0.24,0.3,0.41,0.32,0.24,0.19,0.24,0.22,0.08,0.03,0.0,0.0,0.0,0.03,0.05,0.08,0.11,0.14,0.19,0.22,0.19,0.24,0.24,0.35,0.3,0.22,0.19,0.19,0.14,0.05,2
R12 IN,0.07,0.0,0.0,0.07,0.21,0.38,0.31,0.38,0.41,0.45,0.41,0.41,0.45,0.55,0.72,1.0,0.76,0.52,0.48,0.31,0.14,0.03,0.0,0.0,0.07,0.21,0.41,0.34,0.38,0.41,0.45,0.41,0.38,0.45,0.66,0.79,0.9,0.62,0.45,0.41,0.28,0.14,0.07,0.0,0.0,0.07,0.17,0.38,0.28,0.31,0.38,0.45,0.41,0.38,0.41,0.52,0.69,0.97,0.69,0.48,0.48,0.31,0.14,0.07,0.0,0.0,0.07,0.21,0.41,0.34,0.38,0.41,0.45,0.45,0.41,0.45,0.55,0.72,1.0,0.72,0.55,0.52,0.34,0.14,0.1,0.0,0.0,0.07,0.21,0.41,0.34,0.38,0.48,0.48,0.45,0.41,0.45,0.55,0.76,1.0,0.72,0.55,0.55,0.41,0.21,0.1,0.0,0.0,0.07,0.1,0.21,0.31,0.41,0.48,0.52,0.52,0.45,0.41,0.45,0.52,0.52,0.45,0.45,0.45,0.38,0.17,0.07,0.0,0.0,0.03,0.1,0.17,0.24,0.28,0.31,0.31,0.31,0.31,0.34,0.38,0.41,0.41,0.38,0.38,0.38,0.24,0.14,1
R14 IN,0.03,0.0,0.0,0.13,0.65,1.0,0.61,0.45,0.42,0.39,0.42,0.35,0.35,0.35,0.55,0.74,0.68,0.42,0.32,0.26,0.1,0.03,0.0,0.0,0.13,0.65,1.0,0.61,0.42,0.39,0.39,0.42,0.32,0.32,0.42,0.58,0.71,0.58,0.32,0.42,0.23,0.06,0.03,0.0,0.0,0.1,0.55,0.87,0.52,0.42,0.39,0.39,0.42,0.35,0.35,0.39,0.55,0.74,0.61,0.39,0.35,0.26,0.1,0.03,0.0,0.0,0.13,0.61,1.0,0.65,0.42,0.42,0.42,0.45,0.35,0.32,0.39,0.58,0.81,0.68,0.42,0.39,0.29,0.1,0.1,0.0,0.0,0.13,0.61,1.0,0.61,0.48,0.45,0.45,0.45,0.39,0.35,0.42,0.61,0.84,0.74,0.48,0.39,0.32,0.16,0.13,0.0,0.0,0.1,0.26,0.39,0.45,0.52,0.61,0.74,0.81,0.77,0.74,0.84,0.97,0.74,0.52,0.39,0.48,0.29,0.16,0.03,0.0,0.0,0.06,0.19,0.32,0.39,0.45,0.55,0.55,0.58,0.61,0.65,0.71,0.81,0.68,0.45,0.45,0.39,0.26,0.13,3
R15 IN,0.11,0.0,0.0,0.11,0.4,0.69,0.49,0.34,0.34,0.37,0.37,0.34,0.34,0.46,0.63,0.77,0.66,0.6,0.66,0.57,0.29,0.09,0.0,0.0,0.11,0.4,0.71,0.49,0.34,0.31,0.37,0.37,0.34,0.37,0.51,0.63,0.69,0.57,0.54,0.57,0.49,0.23,0.11,0.0,0.0,0.11,0.34,0.66,0.43,0.31,0.31,0.34,0.37,0.31,0.34,0.43,0.63,0.77,0.66,0.6,0.66,0.57,0.31,0.14,0.0,0.0,0.11,0.4,0.71,0.49,0.34,0.34,0.4,0.4,0.37,0.37,0.49,0.66,0.83,0.71,0.66,0.71,0.6,0.31,0.2,0.0,0.0,0.11,0.4,0.71,0.49,0.37,0.37,0.4,0.4,0.37,0.4,0.51,0.66,0.89,0.74,0.71,0.8,0.74,0.43,0.23,0.0,0.0,0.09,0.17,0.29,0.37,0.4,0.46,0.46,0.49,0.49,0.49,0.57,0.69,0.69,0.74,0.86,1.0,0.86,0.49,0.14,0.0,0.0,0.06,0.14,0.26,0.29,0.37,0.43,0.46,0.43,0.49,0.51,0.54,0.6,0.66,0.66,0.8,0.83,0.66,0.34,1
R16 IN,0.04,0.0,0.0,0.11,0.43,0.89,0.54,0.39,0.39,0.46,0.57,0.54,0.5,0.64,0.82,0.86,0.61,0.46,0.43,0.36,0.14,0.04,0.0,0.0,0.11,0.43,0.93,0.54,0.39,0.39,0.5,0.57,0.5,0.54,0.71,0.89,0.79,0.54,0.39,0.39,0.32,0.11,0.04,0.0,0.0,0.11,0.36,0.82,0.46,0.32,0.36,0.46,0.57,0.46,0.5,0.61,0.82,0.89,0.61,0.46,0.46,0.39,0.14,0.04,0.0,0.0,0.11,0.39,0.89,0.54,0.36,0.39,0.5,0.57,0.54,0.54,0.61,0.86,0.96,0.64,0.5,0.5,0.43,0.14,0.07,0.0,0.0,0.11,0.43,0.89,0.54,0.43,0.43,0.54,0.57,0.57,0.57,0.64,0.93,1.0,0.71,0.57,0.54,0.54,0.21,0.07,0.0,0.0,0.11,0.18,0.32,0.39,0.43,0.5,0.61,0.75,0.68,0.68,0.71,0.89,0.79,0.61,0.54,0.61,0.43,0.21,0.07,0.0,0.0,0.07,0.14,0.25,0.32,0.36,0.43,0.54,0.64,0.68,0.68,0.68,0.82,0.68,0.54,0.5,0.43,0.29,0.14,1
R17 IN,0.03,0.0,0.0,0.12,0.42,0.97,0.52,0.27,0.27,0.27,0.33,0.3,0.27,0.3,0.55,0.73,0.52,0.36,0.3,0.27,0.06,0.03,0.0,0.0,0.12,0.42,1.0,0.52,0.3,0.27,0.3,0.33,0.3,0.27,0.42,0.58,0.67,0.45,0.3,0.27,0.24,0.06,0.03,0.0,0.0,0.09,0.36,0.91,0.48,0.27,0.24,0.27,0.33,0.3,0.27,0.33,0.52,0.73,0.48,0.33,0.33,0.27,0.09,0.03,0.0,0.0,0.12,0.39,1.0,0.55,0.3,0.27,0.27,0.33,0.3,0.27,0.33,0.55,0.76,0.52,0.36,0.33,0.3,0.09,0.06,0.0,0.0,0.12,0.39,0.97,0.55,0.3,0.3,0.3,0.36,0.33,0.3,0.36,0.61,0.82,0.58,0.39,0.39,0.39,0.15,0.03,0.0,0.0,0.06,0.15,0.27,0.3,0.3,0.36,0.36,0.42,0.39,0.39,0.39,0.55,0.52,0.42,0.42,0.39,0.36,0.12,0.03,0.0,0.0,0.06,0.12,0.21,0.24,0.24,0.3,0.3,0.39,0.39,0.39,0.36,0.45,0.45,0.36,0.64,0.52,0.3,0.09,3
R18 IN,0.0,0.0,0.0,0.15,0.4,0.95,0.55,0.4,0.35,0.4,0.4,0.3,0.3,0.35,0.5,0.45,0.3,0.2,0.15,0.1,0.05,0.0,0.0,0.0,0.1,0.4,1.0,0.6,0.4,0.35,0.4,0.35,0.3,0.3,0.35,0.45,0.4,0.25,0.15,0.15,0.1,0.0,0.0,0.0,0.0,0.1,0.4,0.9,0.5,0.35,0.35,0.35,0.35,0.3,0.3,0.35,0.45,0.45,0.25,0.2,0.15,0.1,0.05,0.0,0.0,0.0,0.1,0.4,0.95,0.6,0.4,0.35,0.4,0.35,0.3,0.3,0.35,0.5,0.45,0.3,0.2,0.2,0.1,0.05,0.0,0.0,0.0,0.1,0.4,0.95,0.6,0.4,0.4,0.4,0.35,0.3,0.3,0.35,0.5,0.5,0.3,0.2,0.2,0.1,0.05,0.0,0.0,0.0,0.1,0.15,0.3,0.3,0.35,0.45,0.4,0.4,0.3,0.25,0.3,0.35,0.35,0.2,0.15,0.15,0.1,0.05,0.0,0.0,0.0,0.05,0.15,0.2,0.25,0.25,0.35,0.3,0.3,0.25,0.25,0.2,0.3,0.25,0.2,0.15,0.1,0.1,0.05,0
R19 IN,0.03,0.0,0.0,0.14,0.44,0.97,0.56,0.44,0.44,0.53,0.5,0.42,0.42,0.5,0.67,0.89,0.53,0.36,0.33,0.19,0.08,0.03,0.0,0.0,0.14,0.44,1.0,0.58,0.44,0.44,0.53,0.47,0.39,0.47,0.56,0.72,0.75,0.44,0.31,0.28,0.17,0.06,0.03,0.0,0.0,0.11,0.39,0.94,0.53,0.39,0.42,0.5,0.47,0.42,0.42,0.5,0.69,0.86,0.5,0.36,0.31,0.19,0.08,0.03,0.0,0.0,0.14,0.44,0.97,0.58,0.44,0.47,0.5,0.5,0.42,0.42,0.5,0.67,0.86,0.53,0.36,0.36,0.25,0.08,0.06,0.0,0.0,0.14,0.44,0.97,0.58,0.44,0.47,0.53,0.5,0.42,0.42,0.56,0.75,0.92,0.56,0.39,0.39,0.25,0.11,0.03,0.0,0.0,0.11,0.19,0.31,0.42,0.44,0.53,0.56,0.53,0.44,0.47,0.47,0.61,0.58,0.36,0.31,0.28,0.19,0.11,0.03,0.0,0.0,0.08,0.17,0.28,0.31,0.33,0.42,0.42,0.42,0.39,0.36,0.39,0.5,0.44,0.33,0.28,0.25,0.17,0.08,3
R20 IN,0.0,0.0,0.0,0.12,0.44,0.94,0.44,0.25,0.25,0.25,0.25,0.19,0.19,0.19,0.25,0.44,0.37,0.25,0.12,0.06,0.06,0.0,0.0,0.0,0.12,0.44,1.0,0.44,0.25,0.25,0.25,0.25,0.19,0.12,0.25,0.31,0.37,0.31,0.19,0.12,0.06,0.06,0.0,0.0,0.0,0.12,0.44,0.94,0.44,0.25,0.25,0.25,0.25,0.19,0.19,0.19,0.25,0.37,0.37,0.19,0.12,0.06,0.06,0.0,0.0,0.0,0.12,0.44,1.0,0.5,0.25,0.25,0.25,0.25,0.19,0.19,0.19,0.31,0.44,0.37,0.25,0.19,0.12,0.06,0.0,0.0,0.0,0.12,0.44,0.94,0.5,0.31,0.25,0.25,0.25,0.19,0.19,0.19,0.31,0.5,0.5,0.25,0.19,0.12,0.06,0.0,0.0,0.0,0.12,0.19,0.31,0.31,0.31,0.37,0.31,0.31,0.25,0.25,0.25,0.31,0.31,0.19,0.12,0.12,0.06,0.06,0.0,0.0,0.0,0.06,0.12,0.19,0.25,0.25,0.31,0.25,0.25,0.25,0.19,0.19,0.25,0.19,0.12,0.12,0.12,0.06,0.0,0
R21 IN,0.0,0.0,0.0,0.12,0.47,0.94,0.47,0.29,0.24,0.29,0.29,0.24,0.18,0.18,0.35,0.71,0.59,0.24,0.18,0.06,0.06,0.0,0.0,0.0,0.12,0.47,1.0,0.47,0.29,0.24,0.29,0.24,0.18,0.18,0.29,0.41,0.59,0.47,0.24,0.12,0.06,0.06,0.0,0.0,0.0,0.12,0.41,0.94,0.41,0.29,0.24,0.29,0.24,0.24,0.18,0.18,0.29,0.71,0.53,0.24,0.18,0.12,0.06,0.0,0.0,0.0,0.12,0.47,1.0,0.47,0.29,0.24,0.29,0.29,0.24,0.18,0.24,0.35,0.76,0.59,0.24,0.18,0.12,0.06,0.0,0.0,0.0,0.12,0.41,0.94,0.47,0.29,0.29,0.35,0.29,0.24,0.24,0.24,0.41,0.82,0.65,0.24,0.18,0.12,0.06,0.0,0.0,0.0,0.06,0.18,0.24,0.29,0.29,0.35,0.35,0.35,0.29,0.24,0.24,0.35,0.35,0.24,0.12,0.18,0.12,0.06,0.0,0.0,0.0,0.06,0.12,0.24,0.24,0.29,0.29,0.29,0.29,0.24,0.24,0.24,0.29,0.29,0.18,0.12,0.12,0.06,0.06,3
R22 IN,0.0,0.0,0.0,0.13,0.5,0.97,0.47,0.3,0.3,0.3,0.3,0.23,0.2,0.23,0.3,0.4,0.23,0.17,0.13,0.1,0.03,0.0,0.0,0.0,0.13,0.5,1.0,0.5,0.33,0.27,0.27,0.27,0.23,0.2,0.23,0.3,0.33,0.23,0.13,0.13,0.1,0.03,0.0,0.0,0.0,0.1,0.43,0.93,0.43,0.27,0.27,0.27,0.3,0.23,0.23,0.27,0.33,0.43,0.27,0.17,0.13,0.1,0.03,0.0,0.0,0.0,0.13,0.5,1.0,0.5,0.33,0.3,0.3,0.3,0.27,0.2,0.23,0.33,0.43,0.27,0.2,0.13,0.1,0.03,0.03,0.0,0.0,0.13,0.47,1.0,0.5,0.33,0.3,0.3,0.33,0.27,0.23,0.3,0.4,0.47,0.3,0.2,0.17,0.13,0.07,0.03,0.0,0.0,0.1,0.17,0.3,0.33,0.37,0.4,0.37,0.37,0.33,0.3,0.3,0.4,0.33,0.23,0.17,0.17,0.13,0.07,0.0,0.0,0.0,0.07,0.13,0.23,0.27,0.3,0.37,0.33,0.33,0.33,0.3,0.27,0.33,0.3,0.2,0.2,0.17,0.1,0.03,0
R22A IN,0.0,0.0,0.0,0.0,0.29,0.57,0.29,0.29,0.29,0.43,0.43,0.43,0.43,0.71,0.71,0.57,0.43,0.29,0.14,0.14,0.14,0.0,0.0,0.0,0.0,0.29,0.57,0.29,0.29,0.29,0.43,0.43,0.43,0.43,0.71,0.71,0.57,0.29,0.29,0.14,0.14,0.0,0.0,0.0,0.0,0.0,0.29,0.57,0.29,0.29,0.29,0.43,0.43,0.43,0.43,0.71,0.71,0.57,0.43,0.29,0.29,0.14,0.14,0.0,0.0,0.0,0.0,0.29,0.57,0.29,0.29,0.29,0.43,0.43,0.43,0.43,0.86,0.71,0.57,0.43,0.29,0.29,0.14,0.14,0.0,0.0,0.0,0.0,0.29,0.57,0.43,0.29,0.43,0.57,0.57,0.43,0.43,0.86,1.0,0.71,0.43,0.29,0.29,0.29,0.14,0.0,0.0,0.0,0.0,0.14,0.14,0.29,0.29,0.43,0.57,0.57,0.57,0.71,0.71,0.86,0.86,0.57,0.43,0.43,0.29,0.14,0.0,0.0,0.0,0.0,0.14,0.14,0.29,0.29,0.43,0.57,0.57,0.57,0.71,0.71,0.86,0.71,0.57,0.43,0.29,0.14,0.14,1
R23 IN,0.0,0.0,0.0,0.12,0.5,0.87,0.37,0.25,0.25,0.25,0.25,0.12,0.12,0.12,0.37,0.37,0.25,0.12,0.12,0.0,0.0,0.0,0.0,0.0,0.12,0.5,1.0,0.37,0.25,0.25,0.25,0.25,0.12,0.12,0.25,0.25,0.37,0.12,0.12,0.12,0.0,0.0,0.0,0.0,0.0,0.12,0.37,0.87,0.37,0.25,0.25,0.25,0.25,0.12,0.12,0.25,0.25,0.37,0.12,0.12,0.12,0.12,0.0,0.0,0.0,0.0,0.12,0.5,1.0,0.37,0.25,0.25,0.25,0.25,0.12,0.25,0.25,0.25,0.37,0.25,0.12,0.12,0.12,0.0,0.0,0.0,0.0,0.12,0.5,0.87,0.37,0.25,0.25,0.25,0.25,0.12,0.12,0.25,0.37,0.37,0.25,0.12,0.12,0.12,0.0,0.0,0.0,0.0,0.12,0.12,0.25,0.25,0.37,0.25,0.25,0.25,0.25,0.25,0.25,0.37,0.37,0.25,0.12,0.12,0.12,0.0,0.0,0.0,0.0,0.12,0.12,0.25,0.25,0.25,0.25,0.25,0.25,0.25,0.25,0.25,0.25,0.25,0.12,0.12,0.12,0.12,0.0,0
R24 IN,0.0,0.0,0.0,0.0,0.5,0.75,0.5,0.25,0.25,0.25,0.5,0.25,0.25,0.5,0.75,0.75,0.5,0.25,0.25,0.0,0.0,0.0,0.0,0.0,0.0,0.5,0.75,0.5,0.25,0.25,0.5,0.5,0.25,0.25,0.5,1.0,0.75,0.5,0.25,0.25,0.0,0.0,0.0,0.0,0.0,0.0,0.25,0.75,0.25,0.25,0.25,0.5,0.5,0.25,0.25,0.5,0.75,0.75,0.5,0.25,0.25,0.0,0.0,0.0,0.0,0.0,0.0,0.5,0.75,0.5,0.5,0.25,0.5,0.25,0.25,0.25,0.5,0.75,0.75,0.5,0.25,0.25,0.25,0.0,0.0,0.0,0.0,0.0,0.5,0.75,0.5,0.25,0.5,0.5,0.5,0.5,0.5,0.5,1.0,1.0,0.75,0.25,0.25,0.25,0.0,0.0,0.0,0.0,0.0,0.25,0.25,0.5,0.25,0.5,0.5,0.5,0.5,0.25,0.25,0.5,0.25,0.25,0.25,0.25,0.0,0.0,0.0,0.0,0.0,0.0,0.0,0.25,0.25,0.25,0.25,0.25,0.25,0.25,0.25,0.25,0.25,0.25,0.25,0.25,0.25,0.0,0.0,3
R25 IN,0.0,0.0,0.0,0.21,0.5,0.86,0.5,0.36,0.36,0.43,0.36,0.36,0.36,0.43,0.57,0.79,0.79,0.5,0.36,0.14,0.07,0.0,0.0,0.0,0.14,0.5,0.86,0.5,0.36,0.36,0.43,0.36,0.36,0.36,0.57,0.64,0.71,0.64,0.36,0.29,0.14,0.07,0.0,0.0,0.0,0.14,0.43,0.79,0.43,0.36,0.36,0.43,0.36,0.29,0.29,0.43,0.5,0.79,0.71,0.43,0.29,0.14,0.07,0.0,0.0,0.0,0.14,0.5,0.86,0.5,0.36,0.43,0.5,0.43,0.36,0.36,0.43,0.57,0.86,0.79,0.43,0.36,0.21,0.07,0.0,0.0,0.0,0.14,0.5,0.86,0.5,0.36,0.43,0.43,0.36,0.36,0.36,0.43,0.57,1.0,0.93,0.43,0.29,0.14,0.07,0.0,0.0,0.0,0.14,0.21,0.36,0.36,0.43,0.5,0.43,0.43,0.36,0.36,0.43,0.5,0.43,0.29,0.21,0.21,0.14,0.07,0.0,0.0,0.0,0.07,0.14,0.29,0.29,0.36,0.36,0.36,0.36,0.29,0.29,0.36,0.43,0.43,0.29,0.21,0.21,0.14,0.07,3
R26 IN,0.0,0.0,0.0,0.12,0.5,1.0,0.5,0.31,0.31,0.31,0.31,0.25,0.25,0.25,0.37,0.37,0.25,0.19,0.19,0.12,0.06,0.0,0.0,0.0,0.12,0.5,1.0,0.5,0.31,0.31,0.31,0.31,0.25,0.19,0.25,0.37,0.31,0.19,0.12,0.12,0.06,0.06,0.0,0.0,0.0,0.12,0.44,0.87,0.44,0.31,0.25,0.31,0.31,0.25,0.25,0.25,0.37,0.37,0.25,0.19,0.19,0.06,0.06,0.0,0.0,0.0,0.12,0.5,1.0,0.56,0.31,0.31,0.31,0.31,0.31,0.25,0.25,0.37,0.44,0.25,0.19,0.19,0.12,0.06,0.0,0.0,0.0,0.12,0.5,1.0,0.5,0.37,0.31,0.37,0.31,0.25,0.25,0.31,0.44,0.44,0.31,0.19,0.19,0.12,0.06,0.0,0.0,0.0,0.06,0.19,0.31,0.37,0.37,0.44,0.37,0.37,0.31,0.31,0.31,0.37,0.37,0.25,0.19,0.19,0.12,0.06,0.0,0.0,0.0,0.06,0.12,0.25,0.31,0.31,0.31,0.31,0.31,0.31,0.25,0.31,0.37,0.31,0.25,0.19,0.19,0.12,0.06,0
R27 IN,0.0,0.0,0.0,0.12,0.44,1.0,0.44,0.25,0.19,0.19,0.19,0.19,0.12,0.12,0.25,0.44,0.25,0.12,0.06,0.06,0.0,0.0,0.0,0.0,0.06,0.44,1.0,0.44,0.25,0.19,0.19,0.19,0.19,0.12,0.19,0.25,0.37,0.19,0.12,0.06,0.06,0.0,0.0,0.0,0.0,0.06,0.37,0.81,0.37,0.25,0.19,0.19,0.19,0.19,0.12,0.12,0.25,0.37,0.25,0.06,0.06,0.06,0.0,0.0,0.0,0.0,0.06,0.44,1.0,0.44,0.25,0.25,0.19,0.19,0.19,0.12,0.12,0.25,0.44,0.25,0.12,0.06,0.06,0.06,0.0,0.0,0.0,0.06,0.44,1.0,0.44,0.25,0.25,0.19,0.19,0.19,0.19,0.19,0.25,0.5,0.25,0.12,0.06,0.06,0.06,0.0,0.0,0.0,0.06,0.12,0.25,0.31,0.31,0.31,0.31,0.31,0.25,0.19,0.25,0.31,0.31,0.19,0.12,0.12,0.06,0.06,0.0,0.0,0.0,0.06,0.12,0.19,0.25,0.25,0.25,0.25,0.25,0.25,0.19,0.19,0.25,0.25,0.19,0.12,0.12,0.06,0.06,0
R28 IN,0.02,0.0,0.0,0.12,0.55,0.98,0.52,0.32,0.27,0.29,0.3,0.29,0.29,0.3,0.39,0.39,0.34,0.34,0.25,0.14,0.05,0.02,0.0,0.0,0.12,0.54,1.0,0.54,0.32,0.27,0.27,0.29,0.27,0.25,0.29,0.38,0.36,0.27,0.27,0.2,0.12,0.05,0.02,0.0,0.0,0.11,0.45,0.82,0.45,0.29,0.25,0.27,0.3,0.3,0.29,0.3,0.38,0.39,0.32,0.3,0.23,0.14,0.05,0.02,0.0,0.0,0.12,0.54,0.98,0.55,0.32,0.29,0.29,0.34,0.3,0.29,0.3,0.41,0.43,0.36,0.34,0.25,0.16,0.05,0.04,0.0,0.0,0.12,0.52,0.96,0.57,0.36,0.3,0.3,0.34,0.32,0.32,0.36,0.46,0.46,0.39,0.39,0.3,0.21,0.09,0.04,0.0,0.0,0.09,0.2,0.32,0.34,0.36,0.38,0.38,0.41,0.45,0.41,0.46,0.54,0.55,0.54,0.57,0.55,0.32,0.12,0.02,0.0,0.0,0.07,0.14,0.25,0.29,0.32,0.36,0.34,0.38,0.43,0.46,0.52,0.59,0.61,0.59,0.64,0.59,0.29,0.09,3
